gene,coef,Celltype
CTD-2653D5.1,7.932052287,OPC
CDCA2,4.685641221,OPC
C3orf18,4.539523705,OPC
RP11-862L9.3,3.55181079,OPC
FGL1,3.480041983,OPC
EBF1,3.383672383,OPC
AC010746.2,3.128773098,OPC
RP11-561C5.5,2.825974375,OPC
IL20RA,2.811261287,OPC
AC074117.10,2.726087464,OPC
WWOX,2.60097927,OPC
RP11-626P14.1,2.573050917,OPC
AC002992.2,2.534846663,OPC
PICK1,2.371771707,OPC
RP11-385D13.3,2.333172614,OPC
RP5-828H9.3,2.324753153,OPC
EPN2,2.30523618,OPC
RP11-706J10.1,2.261517576,OPC
FAM134A,2.218008554,OPC
PRKCD,2.203913388,OPC
AL450992.2,2.19248467,OPC
CCDC170,2.186753606,OPC
RP11-1110F20.1,2.152579738,OPC
LINC00216,2.141421783,OPC
RP11-552M11.4,2.140432606,OPC
AZGP1,2.068389227,OPC
CDIPT,2.022369934,OPC
PCDH12,1.973929217,OPC
RP5-1065O2.4,1.905462257,OPC
MRFAP1L1,1.903528361,OPC
CD276,1.863114034,OPC
RP11-1055B8.4,1.794961739,OPC
CENPQ,1.780879036,OPC
RP11-122G18.12,1.780317928,OPC
RP11-182J1.14,1.777819952,OPC
XKR4,1.77160937,OPC
KATNA1,1.764693516,OPC
GPNMB,1.736047595,OPC
C9orf142,1.724703451,OPC
ASNS,1.722774367,OPC
AC040963.1,1.718350975,OPC
LGI2,1.707544934,OPC
NDUFB10,1.705940661,OPC
ORAOV1,1.685674297,OPC
RP11-284F21.7,1.684048767,OPC
CHMP6,1.67657799,OPC
KHNYN,1.636434875,OPC
PPOX,1.599706084,OPC
ATXN1,1.592458863,OPC
PPT1,1.584963486,OPC
TNP1,1.573208512,OPC
RP11-295K3.1,1.564935337,OPC
DNAH17,1.552691316,OPC
CCDC24,1.536718394,OPC
SNU13,1.533839029,OPC
PLA2G7,1.497432085,OPC
MCMDC2,1.493833283,OPC
NUDT11,1.45790103,OPC
RP11-893F2.13,1.44612494,OPC
FOXP1,1.389890356,OPC
RP11-277P12.6,1.383719281,OPC
PCSK7,1.371487423,OPC
SVOP,1.349456232,OPC
RP11-728K20.2,1.336044146,OPC
RP11-98O2.1,1.332907562,OPC
SGCD,1.332430197,OPC
LRP5L,1.320313321,OPC
RP11-761E20.1,1.318152899,OPC
GAL3ST4,1.317610282,OPC
GAREM2,1.312381295,OPC
HELZ2,1.31110839,OPC
DDX17,1.302537021,OPC
PHLDB2,1.301976437,OPC
RP11-382J12.1,1.292743612,OPC
RP11-52A20.2,1.29186793,OPC
ATIC,1.289108156,OPC
RP11-348N5.7,1.280016682,OPC
EDIL3,1.27840821,OPC
ACBD4,1.270716019,OPC
RP11-114H23.1,1.264991291,OPC
SKINT1L,1.261852675,OPC
COL4A6,1.261285128,OPC
ENTPD4,1.248218621,OPC
NAPB,1.232912664,OPC
DCUN1D4,1.21952227,OPC
RP1-18D14.3,1.215352705,OPC
ZNF687,1.196877594,OPC
SCUBE1,1.18910502,OPC
ALDOC,1.181597166,OPC
RP11-15A1.4,1.1771874,OPC
BEX5,1.171478114,OPC
EFNA1,1.170557183,OPC
FBXO25,1.168313396,OPC
CTD-2010I16.2,1.164859514,OPC
TMED11P,1.163527345,OPC
EXOSC7,1.148741799,OPC
CDH19,1.146223051,OPC
SP140,1.13973249,OPC
RP11-384P7.7,1.129374653,OPC
CYP3A43,1.115837478,OPC
PLEKHH2,1.110413288,OPC
EIF1AY,1.106910541,OPC
PIGB,1.100765809,OPC
RP5-872K7.2,1.094361109,OPC
RP11-124B13.1,1.090472622,OPC
RP11-417L19.5,1.084501635,OPC
PTPRD,1.083168213,OPC
NOM1,1.077992233,OPC
CTC-513N18.7,1.077106981,OPC
KIF19,1.060020328,OPC
CTD-2012J19.3,1.053641418,OPC
HEATR5B,1.049171709,OPC
ZNF630,1.04806336,OPC
RP11-76I14.1,1.047464503,OPC
ATAD3A,1.044289645,OPC
RP11-927P21.6,1.042027422,OPC
STK32B,1.037640155,OPC
CTCF,1.037216985,OPC
REL,1.034421805,OPC
FAM47E,1.034128294,OPC
ENAH,1.032253791,OPC
MICAL3,1.028202408,OPC
RP11-184D12.1,1.025096723,OPC
ZNF599,1.015976471,OPC
RP11-115D19.1,1.014932036,OPC
CTC-340D7.1,1.012935256,OPC
CTD-2196P11.1,1.01097414,OPC
CES2,1.005353913,OPC
POLR2D,1.005040186,OPC
DLL3,1.001960737,OPC
GSTM5,0.995866399,OPC
GYPE,0.989788924,OPC
LYST,0.98305101,OPC
NDFIP2,0.982328955,OPC
RP11-886H22.1,0.979789381,OPC
RP11-814P5.1,0.976258022,OPC
RBM23,0.974084745,OPC
HIP1R,0.973704763,OPC
UHRF1BP1L,0.968285531,OPC
KIAA1257,0.966354317,OPC
GRIA2,0.963758989,OPC
HS3ST4,0.959771035,OPC
TBXAS1,0.956854921,OPC
USP54,0.954039791,OPC
CCDC50,0.953501275,OPC
GLDC,0.951819059,OPC
RBMS1,0.947442233,OPC
DYNC1LI2,0.947098048,OPC
KIAA1549L,0.946937459,OPC
SPOCK1,0.940276621,OPC
ATN1,0.939814132,OPC
TMEM109,0.938332965,OPC
KIF13A,0.936802317,OPC
LRRC2,0.934563627,OPC
METTL22,0.934040634,OPC
FTL,0.932085705,OPC
FAM8A1,0.931209453,OPC
CLCC1,0.919771279,OPC
MUS81,0.919280248,OPC
COPG2,0.91265101,OPC
ITPKB,0.909919353,OPC
AC096559.1,0.90687089,OPC
SUFU,0.90335352,OPC
PSKH1,0.900300724,OPC
RPL34-AS1,0.887419246,OPC
RP11-403A3.3,0.887207456,OPC
WBSCR22,0.879502129,OPC
GRIK3,0.875134968,OPC
CTC-205M6.3,0.873359524,OPC
GRAMD1C,0.870683288,OPC
SYCP2,0.86745729,OPC
DIAPH3,0.867123015,OPC
LINC-PINT,0.861973152,OPC
COPG1,0.859233792,OPC
MEPCE,0.855196084,OPC
RP11-57A19.7,0.853864877,OPC
AL157871.2,0.846917959,OPC
ABCB10,0.843570022,OPC
SDC2,0.837551926,OPC
ALDH1L2,0.836124371,OPC
DAPL1,0.834399587,OPC
PIP4K2C,0.820947921,OPC
CKB,0.820715776,OPC
PTPN9,0.816629447,OPC
ATP10A,0.810285148,OPC
NEURL1B,0.809514822,OPC
ABCG2,0.805009864,OPC
HABP4,0.804175518,OPC
AC136007.2,0.802369536,OPC
LRRK2,0.80057739,OPC
RP11-142O6.1,0.798985071,OPC
GMCL1,0.796246438,OPC
PTPRN,0.77934567,OPC
RP5-1043L13.1,0.778782851,OPC
CCDC88A,0.776993646,OPC
RNF103,0.776562087,OPC
TEX14,0.77166241,OPC
YME1L1,0.771082867,OPC
MT-CO1,0.770415475,OPC
AC073479.1,0.768795196,OPC
NUCB2,0.76695445,OPC
RP11-756G20.1,0.766416265,OPC
MSH3,0.764196393,OPC
IGF2BP2,0.7629435,OPC
AC013267.2,0.760336197,OPC
PLA2R1,0.754574182,OPC
CTD-2054N24.2,0.748210475,OPC
GATC,0.747779983,OPC
NACC2,0.746585025,OPC
DOCK5,0.741774201,OPC
KLHL29,0.741681432,OPC
SECISBP2L,0.741444506,OPC
BRIP1,0.737119264,OPC
C12orf42,0.730066977,OPC
SIVA1,0.726908838,OPC
CPT1A,0.72648105,OPC
MSANTD3,0.724939458,OPC
FAM102B,0.72386487,OPC
FUNDC2,0.723062875,OPC
RP11-694I15.7,0.721693598,OPC
RP11-85M11.2,0.719181601,OPC
ITM2B,0.718333327,OPC
TIAM1,0.717194482,OPC
CTC-431G16.2,0.715799066,OPC
LINC00092,0.715360759,OPC
NAV1,0.713879723,OPC
RAPGEF4,0.713271926,OPC
AC002116.7,0.711418427,OPC
GRIN2A,0.709743623,OPC
SEMA4D,0.703214899,OPC
AC073343.13,0.70314154,OPC
C11orf65,0.701291553,OPC
NLRC4,0.699442886,OPC
RPL13,0.697230649,OPC
RP11-930O11.1,0.696635464,OPC
DICER1,0.690204392,OPC
CBFB,0.687449834,OPC
LA16c-358B7.3,0.684708597,OPC
RP11-10K16.1,0.68223312,OPC
ARSB,0.682016076,OPC
LCORL,0.679482566,OPC
SZT2,0.676199792,OPC
SLC22A17,0.675309038,OPC
MYO5B,0.6749016,OPC
CYB5D2,0.670290276,OPC
SMG5,0.669461601,OPC
SEM1,0.667236416,OPC
DCAF13,0.666724401,OPC
SLC15A4,0.665188332,OPC
WASF1,0.665164784,OPC
TMSB4X,0.665078227,OPC
NALCN,0.660386544,OPC
PPARD,0.660191286,OPC
ZCCHC24,0.659764153,OPC
GPALPP1,0.653658605,OPC
CTTN,0.652769487,OPC
RP11-389E17.1,0.652481538,OPC
DACH2,0.651142327,OPC
TLR10,0.645857109,OPC
PCDH11X,0.643648782,OPC
AC003991.3,0.643276112,OPC
CCDC67,0.64265405,OPC
LMNB1,0.642178917,OPC
GHR,0.637065717,OPC
NDUFS6,0.636014808,OPC
TUFT1,0.634297389,OPC
KIF18B,0.628530622,OPC
COL19A1,0.6262885,OPC
MOCS2,0.618119085,OPC
OLMALINC,0.617927904,OPC
GLRX2,0.617464961,OPC
JPH1,0.613376985,OPC
AL121656.4,0.612438061,OPC
HERC2P3,0.611600822,OPC
SLC16A10,0.611330599,OPC
NCALD,0.608924387,OPC
CXorf23,0.60427912,OPC
RTKN,0.602537363,OPC
PLAT,0.600969153,OPC
BNIPL,0.599913347,OPC
FBXW4,0.599756637,OPC
MSI1,0.598352509,OPC
AP001505.10,0.596780097,OPC
DYNC1I2,0.595569063,OPC
SOCS5,0.595074657,OPC
RP11-18H7.1,0.59500158,OPC
WASF2,0.58466151,OPC
MT-ND1,0.58275441,OPC
FMNL3,0.582251054,OPC
BCAS3,0.582194302,OPC
AP5M1,0.580924966,OPC
RP11-123B3.2,0.580161162,OPC
MT-RNR1,0.578142239,OPC
DVL3,0.575837566,OPC
PLXNB1,0.56861778,OPC
CAMKMT,0.568002398,OPC
SLC37A1,0.567791187,OPC
USP43,0.566364424,OPC
OXSM,0.553785892,OPC
XXbac-BPG55C20.7,0.5526134,OPC
NGEF,0.550537323,OPC
SEMA5A,0.549516565,OPC
KALP,0.548916497,OPC
AC087886.1,0.546654822,OPC
NRG3,0.546265252,OPC
FAM53C,0.544860153,OPC
LRIG1,0.544759642,OPC
FGFR1,0.54207264,OPC
FBXL12,0.541920991,OPC
ABCA1,0.539675073,OPC
SNAP91,0.537409787,OPC
RP11-68I3.2,0.535024541,OPC
NPAT,0.534902278,OPC
CSF1R,0.534628648,OPC
ZCCHC6,0.533398084,OPC
APH1B,0.531404394,OPC
RP11-472N13.3,0.530248852,OPC
HSCB,0.53010349,OPC
UNC5C,0.530062577,OPC
RP1-79C4.4,0.529842702,OPC
IPO8,0.527169577,OPC
SAMHD1,0.526828818,OPC
ITPR2,0.525932522,OPC
ZYG11B,0.524433993,OPC
RP11-50D16.4,0.522242257,OPC
LRPPRC,0.521604225,OPC
SREBF2,0.52101162,OPC
FAM49A,0.520280398,OPC
AC008937.2,0.519375991,OPC
RP11-148G20.1,0.51734964,OPC
CLIP4,0.517288217,OPC
RP11-586K2.1,0.513925697,OPC
WSCD1,0.511495226,OPC
MATN2,0.510478735,OPC
PPP2R5B,0.510383215,OPC
ADARB2,0.504816538,OPC
CREB5,0.503929799,OPC
PNCK,0.496629696,OPC
CENPV,0.494265544,OPC
MIR137HG,0.492156247,OPC
SUMF1,0.491395361,OPC
PTN,0.488088275,OPC
NEK11,0.481930024,OPC
KCNQ3,0.479267288,OPC
RP11-6J21.2,0.479200007,OPC
ADCK3,0.478623984,OPC
MMD,0.478591934,OPC
FGFR3,0.477692796,OPC
PKP2,0.476810025,OPC
EYS,0.473853018,OPC
GPC6,0.471001682,OPC
SOCS4,0.469971531,OPC
EYA3,0.468509539,OPC
ZSWIM6,0.467536,OPC
RTTN,0.466803102,OPC
PRKCH,0.465440005,OPC
PARK2,0.463258803,OPC
RP11-797A18.5,0.463051087,OPC
GABRB1,0.462726233,OPC
CORO1C,0.462177936,OPC
CDC42BPA,0.462133208,OPC
NINJ2,0.453648543,OPC
CH17-437K3.1,0.451525182,OPC
KLF15,0.447103579,OPC
HTRA1,0.446633319,OPC
RP11-617D20.1,0.446335509,OPC
SAMSN1,0.446024101,OPC
ZNF559-ZNF177,0.443603363,OPC
LPGAT1,0.443295403,OPC
ST8SIA1,0.44240886,OPC
KLRC3,0.442369922,OPC
FRS2,0.43809771,OPC
PPFIBP2,0.430955175,OPC
CIT,0.430840178,OPC
EIF4ENIF1,0.424623253,OPC
RP11-210H10--A.1,0.423982398,OPC
CSMD3,0.419521983,OPC
TAF10,0.416502069,OPC
ZNF225,0.411844408,OPC
STK32A,0.410723204,OPC
NPAS2,0.41018181,OPC
PCDH11Y,0.410137484,OPC
SRP54,0.405600325,OPC
KDM5D,0.404498879,OPC
CTD-2189E23.1,0.404418698,OPC
CACNA2D3,0.40429846,OPC
FAM118A,0.4032241,OPC
ATP1B2,0.40040492,OPC
TMEM206,0.396427073,OPC
TM2D3,0.392780067,OPC
RP11-323P17.1,0.392041966,OPC
KLHL28,0.391408398,OPC
AKAP7,0.388446849,OPC
NMNAT3,0.388212241,OPC
PATJ,0.387312519,OPC
CALN1,0.385097626,OPC
ATP11B,0.385056727,OPC
CTD-2026K11.6,0.383814604,OPC
ZNF750,0.380833087,OPC
TTLL4,0.377507166,OPC
NBAS,0.377239153,OPC
ADAMTS20,0.37456705,OPC
SGSM1,0.368003503,OPC
SLC35F3,0.366939183,OPC
ATXN8OS,0.36336809,OPC
SLC7A5,0.363085579,OPC
TIMM44,0.363033753,OPC
NKX2-2,0.362532054,OPC
IWS1,0.360440324,OPC
CDH20,0.35946438,OPC
FREM2,0.359129342,OPC
CSNK1A1,0.358325705,OPC
RP11-169K16.9,0.355174482,OPC
ZFAND3,0.352730539,OPC
FERMT1,0.350440473,OPC
KSR2,0.348718123,OPC
ME3,0.347877814,OPC
AC005592.2,0.345288338,OPC
CDC37,0.344652423,OPC
OLFM2,0.34461701,OPC
VPS13C,0.344565591,OPC
DENND2A,0.3426329,OPC
MYCNOS,0.339727273,OPC
MROH9,0.338444878,OPC
TMEM176B,0.336614964,OPC
ZRANB2,0.336380583,OPC
PMP2,0.335588182,OPC
SEC23A,0.334875219,OPC
KHDRBS2,0.332161596,OPC
MPHOSPH8,0.33173305,OPC
AMER2,0.331006401,OPC
FPGT-TNNI3K,0.330135262,OPC
ANOS1,0.329995902,OPC
SMAD3,0.329821401,OPC
MLLT4,0.32303924,OPC
AC074391.1,0.320418383,OPC
CCDC186,0.318938206,OPC
RP11-220I1.1,0.316905852,OPC
KLHL24,0.316502299,OPC
NXPE3,0.315931589,OPC
ARHGAP35,0.314211167,OPC
CTB-118P15.2,0.308593166,OPC
KCNH7,0.306563323,OPC
MEIS1,0.304762696,OPC
HACL1,0.304537854,OPC
SFMBT2,0.303849658,OPC
SORL1,0.303348663,OPC
PLPP4,0.302437779,OPC
MOBP,0.299162908,OPC
TCN2,0.299007286,OPC
PRKACB,0.296142194,OPC
UQCRH,0.29522465,OPC
CCDC146,0.294819928,OPC
SEMA5B,0.293604119,OPC
KDM5A,0.287475148,OPC
RP11-436K8.1,0.284809399,OPC
TNFSF13B,0.283624511,OPC
NBPF1,0.280510723,OPC
TNRC6A,0.279689284,OPC
KRI1,0.279549623,OPC
CLSTN1,0.279198746,OPC
RP11-58B17.1,0.278381037,OPC
SEPP1,0.277524273,OPC
BRSK1,0.27689651,OPC
PTP4A1,0.275458112,OPC
C19orf66,0.274164061,OPC
EMC2,0.273430411,OPC
NT5C2,0.273150681,OPC
ASH2L,0.272400444,OPC
GRB2,0.269807595,OPC
SCP2,0.268975457,OPC
ERBB4,0.268329984,OPC
SDHA,0.264482022,OPC
RP1-146A15.1,0.264113354,OPC
CLASRP,0.262171407,OPC
TVP23C,0.259938235,OPC
MMP2,0.257649027,OPC
MMP16,0.257641028,OPC
ITGA8,0.255487693,OPC
CXorf28,0.254224285,OPC
MFSD2B,0.253795672,OPC
CHST3,0.253401246,OPC
RP11-30C8.2,0.251198252,OPC
GIPC1,0.25075592,OPC
MUM1,0.250053898,OPC
FREM1,0.250014845,OPC
SASH1,0.246626484,OPC
COL4A3,0.245343257,OPC
STIM1,0.24464389,OPC
CTD-2230D16.1,0.244265079,OPC
TRPC1,0.244197944,OPC
CCDC14,0.244141139,OPC
CAPZA1,0.243974516,OPC
RALYL,0.243678466,OPC
ZMYND8,0.240372098,OPC
CTB-131B5.5,0.239637855,OPC
MTCP1,0.239357523,OPC
SH3RF3,0.238927567,OPC
TMEM198B,0.234389498,OPC
ZDHHC14,0.23433201,OPC
ATP13A3,0.230815809,OPC
SLC8A2,0.2296661,OPC
ADORA1,0.226651951,OPC
ARHGAP18,0.221949988,OPC
PTP4A2,0.221754832,OPC
SULF2,0.221579254,OPC
PNISR,0.214962959,OPC
RRAS2,0.214612183,OPC
SSFA2,0.214002039,OPC
RAPGEF2,0.213201523,OPC
MT-ATP6,0.212315788,OPC
CXXC5,0.211275776,OPC
WWP2,0.210392554,OPC
MCL1,0.20947965,OPC
RASSF4,0.208208487,OPC
GS1-114I9.3,0.207245898,OPC
PDE3B,0.205849151,OPC
LTBP1,0.197721523,OPC
C5orf17,0.197239,OPC
RP11-776H12.1,0.19443397,OPC
C1orf61,0.193545592,OPC
RP11-103J8.1,0.191751695,OPC
IQSEC2,0.19170578,OPC
SMIM2-AS1,0.186284683,OPC
MAML3,0.185749458,OPC
CCDC175,0.183801349,OPC
KLHL1,0.182287845,OPC
ADCK1,0.178014816,OPC
RP11-179A16.1,0.177133443,OPC
PDZRN4,0.175721693,OPC
RP11-460M2.1,0.173650224,OPC
RP11-384E5.2,0.172520726,OPC
RPH3A,0.170768098,OPC
PIP5K1B,0.169592118,OPC
EGFR,0.167689828,OPC
RPL18,0.166626593,OPC
NAT8L,0.163499571,OPC
KYNU,0.163206437,OPC
TXNIP,0.158882515,OPC
SHANK2,0.1585066,OPC
IQCJ-SCHIP1,0.156719849,OPC
ADGRG1,0.154757789,OPC
VPS45,0.154035395,OPC
MERTK,0.153521935,OPC
MAF,0.153194831,OPC
RP11-308N19.1,0.153040686,OPC
MGAT4A,0.151580747,OPC
SPRED1,-0.15157209,OPC
CREB1,-0.154055628,OPC
ATP2B1,-0.156105236,OPC
NDRG3,-0.156165374,OPC
PDE4B,-0.158534033,OPC
RP11-345J4.8,-0.159257813,OPC
WDR17,-0.162840082,OPC
CACNG5,-0.167435351,OPC
HIF3A,-0.167688491,OPC
LHPP,-0.167802838,OPC
RUNDC3B,-0.168081567,OPC
RNF180,-0.169152028,OPC
PTPRM,-0.169949286,OPC
TLE1,-0.170600983,OPC
CACNA1A,-0.170869821,OPC
GSG1L,-0.171605974,OPC
TTC39B,-0.173174931,OPC
GBF1,-0.17383653,OPC
ADRA1A,-0.17466341,OPC
ARAP2,-0.17483863,OPC
GINS3,-0.175829628,OPC
RP11-278H7.1,-0.17624645,OPC
LRAT,-0.176446637,OPC
TSPAN7,-0.176590697,OPC
PHF6,-0.177457433,OPC
PRDX4,-0.179874167,OPC
RPAP1,-0.181725361,OPC
CD47,-0.182262481,OPC
SUGP2,-0.182339745,OPC
AGAP6,-0.182702138,OPC
RAB31,-0.183263565,OPC
SLU7,-0.183310584,OPC
MDFI,-0.18341931,OPC
FANCC,-0.183851642,OPC
BRD8,-0.185046308,OPC
KCNMA1,-0.186154975,OPC
CPEB4,-0.188727276,OPC
FBN2,-0.191438092,OPC
RP11-384J4.2,-0.19324809,OPC
GALR1,-0.195909533,OPC
ROBO2,-0.196648322,OPC
PPM1L,-0.19684313,OPC
RP11-397E7.6,-0.196989519,OPC
BEST3,-0.19844746,OPC
ADAMTS17,-0.198885282,OPC
CENPP,-0.19899656,OPC
LBR,-0.199506699,OPC
FSD2,-0.201070892,OPC
ANKHD1,-0.201847562,OPC
GRB10,-0.20374445,OPC
SYNE2,-0.207682209,OPC
SMAD5,-0.220289458,OPC
NEDD4,-0.221313167,OPC
ASPM,-0.221329819,OPC
NEK10,-0.221690678,OPC
CSGALNACT1,-0.222176735,OPC
UTP23,-0.222400628,OPC
OSBP2,-0.22260279,OPC
ADAM33,-0.222653309,OPC
PEG10,-0.223932166,OPC
CHST8,-0.224228096,OPC
RNF24,-0.226146994,OPC
ALDH1L1,-0.227396784,OPC
GNAO1,-0.23706831,OPC
REV3L,-0.237571435,OPC
RASGEF1B,-0.238567004,OPC
BAZ1A,-0.244934885,OPC
TNS3,-0.245727907,OPC
ACSL3,-0.246568806,OPC
MIR100HG,-0.246914099,OPC
EPB41L2,-0.24983317,OPC
TNKS,-0.251467609,OPC
FAM111A,-0.252299066,OPC
CRTAC1,-0.253778158,OPC
AARS,-0.253958534,OPC
CHAMP1,-0.259832703,OPC
SGCB,-0.260605673,OPC
EPS8,-0.260919423,OPC
BMPR1B,-0.261855209,OPC
PTPRJ,-0.262359584,OPC
TPCN2,-0.268992585,OPC
NEK5,-0.270638513,OPC
ADAMTS6,-0.271999564,OPC
ZNF469,-0.272027955,OPC
TMTC2,-0.274683681,OPC
FNDC3B,-0.278903247,OPC
SOX11,-0.279221261,OPC
EZH2,-0.279812806,OPC
DTNA,-0.284781793,OPC
FGF14,-0.286793422,OPC
ABCC8,-0.289476151,OPC
NCOR2,-0.293685247,OPC
RP11-293N1.1,-0.294982668,OPC
MGLL,-0.29691934,OPC
PAK1,-0.296940858,OPC
TLE2,-0.297396858,OPC
SYTL4,-0.297581952,OPC
NFATC2IP,-0.29868256,OPC
AJAP1,-0.308144248,OPC
TCF7L2,-0.308842427,OPC
GABRB2,-0.313601634,OPC
MIR99AHG,-0.314620897,OPC
PCNT,-0.31479082,OPC
PTAFR,-0.316175877,OPC
MAP7,-0.319517976,OPC
ARHGAP24,-0.323021044,OPC
HERC6,-0.323497312,OPC
NAALADL2,-0.328952638,OPC
SLC19A2,-0.329620537,OPC
CA1,-0.332900418,OPC
CCDC25,-0.335378803,OPC
RFX3,-0.336895378,OPC
TMEM214,-0.336987074,OPC
LRRC1,-0.344038666,OPC
BIRC2,-0.347563067,OPC
AC074363.1,-0.349118759,OPC
EPHA6,-0.350908341,OPC
ADD3,-0.351781647,OPC
KCND3,-0.351985708,OPC
CADM1,-0.357438471,OPC
ZNF148,-0.359536358,OPC
KDM4C,-0.361113984,OPC
MAP4K3,-0.361173417,OPC
GBP3,-0.364511619,OPC
RP11-1078H9.5,-0.369507699,OPC
ZNF804A,-0.371749833,OPC
GRIN2D,-0.373930359,OPC
CDK8,-0.374385783,OPC
CNTN6,-0.375488277,OPC
PACRG,-0.377928181,OPC
SPECC1,-0.379663895,OPC
LARGE,-0.380376226,OPC
AC093734.11,-0.380591704,OPC
FLRT2,-0.386168129,OPC
AGPAT4,-0.387272221,OPC
PDPK1,-0.388469353,OPC
SLC9A1,-0.388920319,OPC
CTD-2335A18.1,-0.390786259,OPC
SEL1L3,-0.391243521,OPC
SHISA9,-0.392612436,OPC
AC079610.1,-0.393206688,OPC
JPX,-0.396017654,OPC
TIMM50,-0.396228021,OPC
ATE1,-0.396552392,OPC
TTLL6,-0.39972757,OPC
KLHDC2,-0.406181665,OPC
ASAP1,-0.410225988,OPC
CPNE5,-0.410745982,OPC
SLC24A3,-0.411176469,OPC
SESN3,-0.4122043,OPC
COLGALT2,-0.41252842,OPC
FAM133A,-0.414137438,OPC
C6orf120,-0.415945604,OPC
RP11-473M20.7,-0.41649092,OPC
ATP13A4,-0.417154133,OPC
TAF3,-0.417163985,OPC
C15orf41,-0.417835967,OPC
TENM3,-0.418168501,OPC
SLC25A36,-0.418205097,OPC
GAD1,-0.41908021,OPC
IFNGR1,-0.421124384,OPC
BACE1,-0.42136745,OPC
EPHB2,-0.424065664,OPC
KCNQ5,-0.424421691,OPC
CYB5B,-0.438471802,OPC
PC,-0.441174531,OPC
ZNF202,-0.44150458,OPC
VCAN,-0.442352675,OPC
C18orf54,-0.443884519,OPC
KIF5B,-0.44616027,OPC
BAZ2B,-0.447287017,OPC
GRIP1,-0.447829373,OPC
CCDC28A,-0.449400197,OPC
GPR17,-0.450485699,OPC
RAB20,-0.453152253,OPC
INTS10,-0.453492018,OPC
SUZ12P,-0.458860508,OPC
TEK,-0.462429191,OPC
GULP1,-0.462705431,OPC
ADCY2,-0.465935048,OPC
NBN,-0.47384918,OPC
ACAT1,-0.475201213,OPC
PCDH7,-0.47856978,OPC
TPD52L1,-0.480238688,OPC
TMCC3,-0.480717809,OPC
ATP2C2,-0.481035108,OPC
SORBS1,-0.481385069,OPC
CLDN11,-0.482944113,OPC
KIAA1217,-0.484759419,OPC
ZFAND4,-0.485495604,OPC
ZFYVE16,-0.486120199,OPC
LINC00461,-0.491756942,OPC
CSPG4,-0.492486898,OPC
SLC35F1,-0.501284554,OPC
TCF7L1,-0.503502764,OPC
TRIM67,-0.505368443,OPC
PDE1C,-0.510954602,OPC
TMEM237,-0.514550786,OPC
SRGAP3,-0.515961947,OPC
ZER1,-0.516879935,OPC
FRMD5,-0.518607702,OPC
DGKG,-0.522068169,OPC
RP11-159F24.1,-0.524426732,OPC
ZNF283,-0.525151717,OPC
NEAT1,-0.526445678,OPC
CTD-2066L21.3,-0.527817663,OPC
PSEN2,-0.530834708,OPC
DKK3,-0.534093488,OPC
DNAJC21,-0.539830236,OPC
AC005752.10,-0.546705092,OPC
IGSF11,-0.547288734,OPC
TSC22D1,-0.547510298,OPC
MB21D2,-0.547874961,OPC
UTRN,-0.548602601,OPC
VIPR2,-0.549529009,OPC
SPOCK3,-0.554706335,OPC
RP11-761I4.3,-0.557117975,OPC
C7orf60,-0.55984317,OPC
DDX60L,-0.56220157,OPC
ARHGAP21,-0.564931416,OPC
XPR1,-0.566689163,OPC
HK1,-0.568960273,OPC
CUL4B,-0.571982341,OPC
RAI14,-0.572207913,OPC
LRP1B,-0.57427566,OPC
CDK18,-0.576512064,OPC
ADAM28,-0.578810584,OPC
TMEM232,-0.580042253,OPC
GALNT14,-0.587010956,OPC
MED20,-0.588656863,OPC
MIPOL1,-0.591544948,OPC
AFF3,-0.593625545,OPC
PDK1,-0.594262938,OPC
BLOC1S6,-0.59766849,OPC
ENPP6,-0.600612996,OPC
DGKB,-0.606412457,OPC
CFAP161,-0.610575275,OPC
MEIS2,-0.615558726,OPC
SLC9B1,-0.616610414,OPC
EGR1,-0.617567311,OPC
SEMA3C,-0.621789227,OPC
SPARCL1,-0.623462889,OPC
INPP4B,-0.62504379,OPC
CHL1,-0.631266161,OPC
NLK,-0.637100338,OPC
ARL15,-0.637603523,OPC
RP11-381K20.2,-0.637645205,OPC
CLSTN2,-0.637862589,OPC
CLCN7,-0.640214847,OPC
RAB10,-0.646291732,OPC
NFIA,-0.64906403,OPC
CH17-189H20.1,-0.652034937,OPC
HSP90B1,-0.653847508,OPC
USP28,-0.662286179,OPC
PPFIBP1,-0.663013645,OPC
CEP250,-0.673335763,OPC
IQSEC1,-0.675645874,OPC
RP11-551L14.5,-0.681655779,OPC
TMEM132B,-0.684811106,OPC
PRPSAP1,-0.686755558,OPC
FOS,-0.688625205,OPC
RP11-368L12.1,-0.688819269,OPC
RP1-158P9.2,-0.691907267,OPC
DYNC2H1,-0.694053757,OPC
NCKAP1,-0.701724757,OPC
CENPJ,-0.705982564,OPC
TPM1,-0.70676599,OPC
RHBDL3,-0.709697437,OPC
TMEM200C,-0.718533606,OPC
LIMD1,-0.719648332,OPC
CCDC60,-0.721961325,OPC
SPEN,-0.724708377,OPC
RP5-1070A16.1,-0.72489227,OPC
NBPF11,-0.725114858,OPC
FAM104B,-0.725511931,OPC
PRUNE2,-0.72748311,OPC
ACADL,-0.728340642,OPC
CEP104,-0.738234506,OPC
TSHZ2,-0.740416365,OPC
AZIN2,-0.741999963,OPC
ZHX2,-0.750910287,OPC
UNC13C,-0.751651339,OPC
C1orf21,-0.769693219,OPC
RBFOX1,-0.771196624,OPC
SMARCD2,-0.771305998,OPC
MIRLET7BHG,-0.775055701,OPC
BCAS1,-0.780504648,OPC
RORA,-0.784296379,OPC
ST6GALNAC5,-0.789397113,OPC
RP11-379H18.1,-0.790193905,OPC
CDH18,-0.795432848,OPC
ZBTB16,-0.796706456,OPC
RP11-120J1.1,-0.801270288,OPC
GOLPH3,-0.803933697,OPC
ZBTB20,-0.804041548,OPC
CELF2,-0.808876205,OPC
CCDC112,-0.809628392,OPC
GRIA1,-0.811486151,OPC
CYP3A5,-0.813219101,OPC
COMMD7,-0.821263871,OPC
PLG,-0.824227896,OPC
AP3B2,-0.830496311,OPC
OSBPL1A,-0.834922657,OPC
CTD-2192D1.1,-0.855152936,OPC
AC064875.2,-0.856981193,OPC
SAMD12,-0.864785822,OPC
CYP7B1,-0.867322834,OPC
LRRC7,-0.870422173,OPC
RP11-848P1.9,-0.875392061,OPC
GYPC,-0.875953001,OPC
BEND4,-0.876265612,OPC
KIAA0319,-0.878960972,OPC
SGCZ,-0.88271356,OPC
ZNF649,-0.883391129,OPC
FAM19A1,-0.892030727,OPC
KLHL4,-0.892304101,OPC
RP11-631M6.2,-0.892715281,OPC
RFWD3,-0.902041099,OPC
ARVCF,-0.907867915,OPC
FKBP5,-0.911005644,OPC
WASHC2A,-0.914565712,OPC
MRPL35,-0.916221187,OPC
SLC7A6OS,-0.923333431,OPC
GATB,-0.924454406,OPC
WDR91,-0.93459426,OPC
NRXN3,-0.935073185,OPC
C14orf93,-0.943008662,OPC
NUP98,-0.954734737,OPC
RANBP17,-0.955598623,OPC
ADGRL3,-0.989783017,OPC
DENND4A,-0.996989365,OPC
ARRB2,-1.000369089,OPC
CERS2,-1.012251934,OPC
PHLDB1,-1.015488124,OPC
FGF12,-1.019028044,OPC
NOS1AP,-1.019824611,OPC
RP11-886D15.1,-1.022413613,OPC
DHX57,-1.024056429,OPC
FAM69A,-1.027857408,OPC
AP000279.69,-1.041935418,OPC
SEMA6A,-1.042115014,OPC
CTC-467M3.1,-1.050677122,OPC
RP11-463J10.2,-1.061060853,OPC
C10orf11,-1.063479845,OPC
FAM71D,-1.068319918,OPC
CHRDL1,-1.072409614,OPC
CREM,-1.082441788,OPC
GNG4,-1.084143747,OPC
ANO3,-1.088252757,OPC
AC005537.2,-1.101972958,OPC
PPP2R2B,-1.102081302,OPC
REEP1,-1.10324398,OPC
NOVA1,-1.106611284,OPC
HIVEP1,-1.135095537,OPC
AC091814.2,-1.137362223,OPC
CA10,-1.13747783,OPC
ZEB1,-1.138858299,OPC
RP11-631N16.2,-1.143666389,OPC
SUSD4,-1.148501492,OPC
CSNK1G1,-1.154310439,OPC
ACTL6B,-1.168901214,OPC
C9orf37,-1.177786169,OPC
HYPK,-1.182781584,OPC
CTC-358I24.1,-1.184675834,OPC
PDGFRA,-1.18588214,OPC
KHK,-1.191175388,OPC
GALNT8,-1.194406204,OPC
ANK2,-1.196056803,OPC
ATRNL1,-1.201246063,OPC
FBXO31,-1.20150622,OPC
DNPH1,-1.212259723,OPC
TMX1,-1.214515858,OPC
CTC-260E6.6,-1.220500977,OPC
DPYD,-1.227170408,OPC
SSR3,-1.247043906,OPC
ASNA1,-1.251250267,OPC
LDLRAD4,-1.253069541,OPC
TRAM2,-1.254753327,OPC
PSMD5,-1.257053376,OPC
CTA-215D11.6,-1.272559087,OPC
TAOK3,-1.273206345,OPC
NKAIN3,-1.276291889,OPC
RP4-555D20.2,-1.278673113,OPC
YIPF5,-1.279763487,OPC
CTD-3006G17.2,-1.284879381,OPC
NEDD1,-1.287137338,OPC
KLHL11,-1.287501368,OPC
RP11-752D24.3,-1.288844084,OPC
SMC1A,-1.294941848,OPC
TMEM33,-1.297888819,OPC
PEPD,-1.298157103,OPC
SLC41A3,-1.309742647,OPC
PBX4,-1.312089474,OPC
ZMYND19,-1.328056587,OPC
PCDH15,-1.348941556,OPC
SYT6,-1.351053942,OPC
MAP3K5,-1.352258121,OPC
TTR,-1.381824067,OPC
FKBP14,-1.384521455,OPC
TANC2,-1.387032321,OPC
BRMS1,-1.407261534,OPC
DNAJB1,-1.428350664,OPC
WNT7A,-1.433762613,OPC
AUTS2,-1.43897138,OPC
RP11-62I21.1,-1.453424383,OPC
SEMA6D,-1.472480026,OPC
KDM8,-1.503281004,OPC
JAZF1,-1.505648784,OPC
RP11-406A9.2,-1.519126046,OPC
LSAMP,-1.56783152,OPC
PCNX3,-1.594498238,OPC
POFUT1,-1.596126349,OPC
RPL23AP79,-1.63018083,OPC
AC074141.3,-1.654370715,OPC
ZNF287,-1.661348255,OPC
CPO,-1.67530578,OPC
RP11-327J17.3,-1.678100579,OPC
PTPRZ1,-1.695860166,OPC
PHKG2,-1.718216408,OPC
EGFEM1P,-1.744748878,OPC
CCSER1,-1.758696398,OPC
THBS3,-1.766665624,OPC
FLT3,-1.79579336,OPC
RP11-646I6.3,-1.808605503,OPC
HS6ST3,-1.82548872,OPC
EXOC8,-1.834120459,OPC
RP11-31F15.2,-1.840279525,OPC
MAP2,-1.852894472,OPC
AC007193.6,-1.855160618,OPC
TMEM208,-1.887906941,OPC
COPS7B,-1.896416657,OPC
TTPA,-1.961755261,OPC
SOX2-OT,-2.033010981,OPC
SRPX2,-2.10144043,OPC
EFCAB1,-2.158034245,OPC
UAP1,-2.184843181,OPC
AP000233.4,-2.214846568,OPC
C1QTNF7,-2.257338771,OPC
TRIO,-2.566101122,OPC
CNTN5,-2.583439313,OPC
RBM5-AS1,-2.700222417,OPC
BHLHE22,-2.733965422,OPC
PAQR6,-2.802654286,OPC
ZSWIM4,4.854993276,OLIG
CPB1,2.369139246,OLIG
GREB1L,2.155477332,OLIG
ERCC1,2.091379469,OLIG
RFT1,1.949486353,OLIG
PSMD14,1.918594354,OLIG
AC108142.1,1.911728493,OLIG
UTY,1.85814505,OLIG
COX5B,1.851677333,OLIG
RPL23,1.84399324,OLIG
NKX2-2,1.826523749,OLIG
GTF3C6,1.685011231,OLIG
USP53,1.681267,OLIG
FOXK2,1.67628732,OLIG
RP11-729M20.1,1.640752956,OLIG
SNRNP70,1.581278622,OLIG
DGKE,1.56631732,OLIG
KHDRBS3,1.549947265,OLIG
THAP6,1.533691426,OLIG
NMUR2,1.527074669,OLIG
DAP,1.486690759,OLIG
EDIL3,1.473172818,OLIG
DAP3,1.458983544,OLIG
TTC9C,1.445969618,OLIG
SMARCC1,1.43585477,OLIG
TOX3,1.433855104,OLIG
GAS2,1.400113504,OLIG
ZBED4,1.381631623,OLIG
INSR,1.380208822,OLIG
MATN2,1.37796104,OLIG
RPS29,1.346217886,OLIG
CMTM4,1.342739278,OLIG
NLN,1.313679318,OLIG
PCDH11X,1.303073245,OLIG
POM121,1.296331173,OLIG
NCSTN,1.294220024,OLIG
RP11-886H22.1,1.260318652,OLIG
SPOCK1,1.255866657,OLIG
RP11-553A10.2,1.253770648,OLIG
AATK,1.239569528,OLIG
AOAH,1.22616894,OLIG
TFAP2E,1.22252371,OLIG
PLEKHH1,1.216366999,OLIG
RP11-456A18.1,1.201832714,OLIG
FBXO32,1.195825001,OLIG
PCSK6,1.193087829,OLIG
DIMT1,1.182997823,OLIG
OLMALINC,1.171717784,OLIG
ARHGEF2,1.129847983,OLIG
CTD-2527I21.11,1.125723904,OLIG
SUGT1,1.122160157,OLIG
AL035209.2,1.106521695,OLIG
ASAP2,1.100631093,OLIG
HERC2P3,1.097169632,OLIG
FA2H,1.079598775,OLIG
FKBP5,1.077174853,OLIG
SH3BP5,1.072684563,OLIG
PLXNB3,1.062945277,OLIG
BCAT1,1.062912799,OLIG
PSAP,1.055706356,OLIG
CCNT2,1.055054175,OLIG
RP11-259K15.3,1.050547719,OLIG
ATF7IP,1.03770875,OLIG
CATSPERG,1.037162733,OLIG
RNFT2,1.035554707,OLIG
RP11-477J21.7,1.035398508,OLIG
DLAT,1.034369204,OLIG
LACC1,1.032500674,OLIG
FGGY,1.022301138,OLIG
C16orf88,1.009138446,OLIG
LAS1L,1.000437266,OLIG
CCDC149,0.996355775,OLIG
TBCB,0.995559764,OLIG
AC091969.1,0.981588722,OLIG
AP3M2,0.978685577,OLIG
FAT2,0.971668071,OLIG
COL6A6,0.967225203,OLIG
SUPT5H,0.954186476,OLIG
LBR,0.9508372,OLIG
OPTN,0.94216458,OLIG
RNF111,0.93828726,OLIG
SIPA1L1,0.934410945,OLIG
TMEM120B,0.934275627,OLIG
ZNF608,0.931156331,OLIG
PPP6C,0.926294487,OLIG
WDR59,0.924637088,OLIG
EIF4G3,0.923203759,OLIG
PAN2,0.918300228,OLIG
CADM4,0.911713397,OLIG
RP11-210M15.2,0.909199158,OLIG
RIOK3,0.906526517,OLIG
KBTBD3,0.900257155,OLIG
NOP14,0.894353229,OLIG
PIEZO2,0.891475721,OLIG
WDR17,0.876930655,OLIG
MEGF10,0.876856744,OLIG
YARS,0.873122085,OLIG
RP11-65B7.2,0.870651776,OLIG
NTNG2,0.866332499,OLIG
FAM126A,0.865601616,OLIG
BBS2,0.865523214,OLIG
SBF1,0.857697063,OLIG
CBL,0.853395262,OLIG
TTBK2,0.8445846,OLIG
ZNF107,0.825898634,OLIG
PRMT1,0.821876725,OLIG
SRPK1,0.816164231,OLIG
MEF2A,0.811823608,OLIG
C11orf73,0.809861094,OLIG
RP11-298D21.1,0.808669617,OLIG
RASAL1,0.804002173,OLIG
AP4S1,0.803463714,OLIG
KIF27,0.800839805,OLIG
FAM229B,0.799711783,OLIG
ACTR1B,0.79714292,OLIG
MAGEC3,0.793306694,OLIG
SLC22A17,0.77195286,OLIG
RP11-496D24.2,0.770802899,OLIG
KALP,0.754223029,OLIG
UBA3,0.75198573,OLIG
RP13-104F24.2,0.749945374,OLIG
NUP210,0.747559386,OLIG
RILPL1,0.74711326,OLIG
MYO15B,0.746843493,OLIG
KLHL3,0.738409505,OLIG
L3MBTL1,0.738046335,OLIG
TMEM9B,0.735001242,OLIG
EIF4E,0.730486647,OLIG
FAM171A1,0.727985823,OLIG
CHRM5,0.722443672,OLIG
FAM134B,0.716272867,OLIG
TAB1,0.705712423,OLIG
DCAF16,0.705248905,OLIG
ASPH,0.704998002,OLIG
TARSL2,0.698664424,OLIG
RRP1B,0.696965297,OLIG
CTA-292E10.6,0.692782814,OLIG
TRIM24,0.683068827,OLIG
RBFOX1,0.682801392,OLIG
EP400,0.679264801,OLIG
EPB41L1,0.677173386,OLIG
FBRS,0.67486661,OLIG
APOD,0.67052804,OLIG
RP11-323I15.5,0.669020548,OLIG
HDAC4,0.668549883,OLIG
CAMK2N1,0.668011373,OLIG
MTSS1,0.666831372,OLIG
MANBA,0.657708357,OLIG
CERCAM,0.65712146,OLIG
MAPK8IP3,0.655470973,OLIG
YPEL2,0.654540169,OLIG
ACTN2,0.65441976,OLIG
RIF1,0.652475532,OLIG
TRAF3,0.649643448,OLIG
GLCE,0.649418327,OLIG
MOCS2,0.648673171,OLIG
ELF1,0.646184554,OLIG
CCT2,0.641112966,OLIG
MIB1,0.640159761,OLIG
DIS3L,0.634557362,OLIG
MPDU1,0.631634431,OLIG
C6orf89,0.629864804,OLIG
TXNIP,0.62655342,OLIG
SLC12A2,0.620753607,OLIG
RNF216,0.618375144,OLIG
GPATCH11,0.618127529,OLIG
PPP6R1,0.618019598,OLIG
HAGLR,0.615082559,OLIG
MT-RNR2,0.612780683,OLIG
SRSF3,0.61153467,OLIG
AC012494.1,0.611093882,OLIG
RPS20,0.60568875,OLIG
BNIP3L,0.604766368,OLIG
PDE1C,0.5993195,OLIG
CAMK2D,0.597948261,OLIG
DPYSL2,0.597492714,OLIG
GRB10,0.595150229,OLIG
DYNC1LI1,0.593792493,OLIG
ZNF462,0.589501948,OLIG
ATXN2,0.588916942,OLIG
RALGPS1,0.588335089,OLIG
HEG1,0.587208723,OLIG
RPL10,0.582984142,OLIG
RP11-799O21.2,0.582676179,OLIG
SF3B2,0.578800928,OLIG
CCDC138,0.577576838,OLIG
C16orf87,0.577475327,OLIG
KMT2E,0.576011333,OLIG
CLASP1,0.570425703,OLIG
UBAP2L,0.568182384,OLIG
CTC-228N24.3,0.557061482,OLIG
ZSCAN5A,0.529441731,OLIG
NR2C1,0.528566286,OLIG
IMPAD1,0.527414176,OLIG
C9orf84,0.522119325,OLIG
HECTD1,0.519273723,OLIG
ARPP21,0.511492059,OLIG
SLC36A1,0.510753863,OLIG
RP11-446H18.5,0.502825972,OLIG
CNTN1,0.502178151,OLIG
TYW1,0.500066822,OLIG
ZBTB25,0.493855959,OLIG
CHST10,0.492807487,OLIG
AC012593.1,0.490351863,OLIG
RP11-322M19.1,0.488531854,OLIG
ZFY,0.486622002,OLIG
SEC63,0.484954422,OLIG
MORF4L1,0.481718683,OLIG
SSR1,0.479189852,OLIG
NPL,0.478289933,OLIG
CDH1,0.475912289,OLIG
EXD3,0.474974883,OLIG
OXR1,0.474826516,OLIG
MAN2A2,0.473583074,OLIG
NCOR2,0.473125153,OLIG
XPO1,0.47241762,OLIG
SPP1,0.47221011,OLIG
SEMA4C,0.466590477,OLIG
SMEK1,0.465670544,OLIG
USP24,0.460376961,OLIG
ZNF493,0.456193892,OLIG
ZSCAN1,0.453872618,OLIG
ZMIZ2,0.452536612,OLIG
RSBN1L,0.450486344,OLIG
FAM13C,0.450040351,OLIG
ZNF138,0.448930321,OLIG
MAP2K4,0.447456931,OLIG
ETAA1,0.442039095,OLIG
ACAP3,0.437982088,OLIG
ZHX3,0.43668289,OLIG
EIF3B,0.427974402,OLIG
USP47,0.427318874,OLIG
NR1D2,0.424902797,OLIG
NRF1,0.42260652,OLIG
RBM28,0.418456432,OLIG
MTCH1,0.415939909,OLIG
TMED4,0.406903079,OLIG
NAGLU,0.406508836,OLIG
EZH1,0.405767585,OLIG
TRIM66,0.404022886,OLIG
MIPOL1,0.399556574,OLIG
TSC2,0.398467781,OLIG
SRGAP1,0.396158975,OLIG
ARMCX3,0.393590033,OLIG
PIGT,0.392966429,OLIG
HNRNPA2B1,0.390481587,OLIG
TMED10,0.388575046,OLIG
CLCN4,0.384889447,OLIG
SOGA1,0.380694165,OLIG
MPP2,0.379147685,OLIG
YY1,0.378341855,OLIG
TSG101,0.376486488,OLIG
ZNF24,0.37307943,OLIG
WSCD1,0.366359087,OLIG
PPP2R2C,0.363100541,OLIG
AC012307.3,0.361665061,OLIG
TMEM63A,0.359599585,OLIG
NCKAP1,0.355356851,OLIG
USP5,0.352256655,OLIG
PON2,0.347176055,OLIG
HIST1H2AC,0.346991815,OLIG
FCHO1,0.346779414,OLIG
CREBRF,0.343284218,OLIG
SRP19,0.34069843,OLIG
SCRN1,0.340615163,OLIG
ATP6V0A1,0.336627558,OLIG
6-Mar,0.336452941,OLIG
GMPS,0.334392232,OLIG
BRAP,0.334131635,OLIG
CD59,0.333441432,OLIG
CSMD2,0.330869091,OLIG
CHMP7,0.32938136,OLIG
CPSF6,0.328549595,OLIG
LRRC4C,0.324632128,OLIG
RPL13,0.320549445,OLIG
GPR137C,0.319822674,OLIG
DYRK1A,0.317530759,OLIG
ZNF346,0.317467039,OLIG
TCEAL1,0.317055675,OLIG
CDK5RAP2,0.314781663,OLIG
HSPB11,0.314603534,OLIG
RP11-231E4.3,0.314005952,OLIG
RANGAP1,0.313479864,OLIG
NR3C1,0.311402761,OLIG
CLU,0.310091512,OLIG
LINC00511,0.309462015,OLIG
RAB11FIP4,0.307880382,OLIG
CPEB3,0.306463037,OLIG
RAD52,0.303485675,OLIG
ARNT,0.299474462,OLIG
UPF3B,0.299161193,OLIG
CPNE2,0.298289306,OLIG
SPG11,0.297006998,OLIG
CHST6,0.288641325,OLIG
RNASE1,0.286288678,OLIG
NECAB1,0.284605693,OLIG
ASTN1,0.278937413,OLIG
JAZF1,0.271879818,OLIG
KMT5C,0.271674781,OLIG
PRNP,0.269515312,OLIG
CPXM2,0.26711906,OLIG
PAK1,0.266347023,OLIG
NENF,0.258395555,OLIG
PUS7,0.257051608,OLIG
CEP85L,0.255844818,OLIG
SERAC1,0.253937391,OLIG
KIF6,0.253183223,OLIG
RP11-382J12.1,0.250424138,OLIG
KIAA0556,0.247864103,OLIG
RP11-339B21.12,0.241052854,OLIG
TF,0.234766848,OLIG
NEK3,0.234498079,OLIG
ETS1,0.234372455,OLIG
C5orf17,0.233307737,OLIG
ZNF333,0.231163028,OLIG
FAM168A,0.229726738,OLIG
REEP5,0.225772654,OLIG
AC004945.2,0.22430063,OLIG
PTPRF,0.224258811,OLIG
DDX55,0.220394183,OLIG
DHX9,0.215343033,OLIG
RP11-116N8.4,0.21452764,OLIG
NOTCH1,0.209382514,OLIG
SPTBN4,0.205524237,OLIG
BTBD2,0.203328137,OLIG
GPR62,0.202394221,OLIG
POLR3A,0.196057742,OLIG
TBRG1,0.195186138,OLIG
ERGIC1,0.194834769,OLIG
SHISA7,0.194690554,OLIG
FAM188A,0.194221141,OLIG
ITM2B,0.190255356,OLIG
MGAT5,0.188130716,OLIG
HSPA4,0.187470847,OLIG
GABPB2,0.18657995,OLIG
MAL,0.185528489,OLIG
MIB2,0.185499233,OLIG
C1orf101,0.184599641,OLIG
PPM1L,0.182983277,OLIG
MSL2,0.181291026,OLIG
SNHG5,0.179464357,OLIG
RGS7,0.177444732,OLIG
AMBRA1,0.177193624,OLIG
EYS,0.175012275,OLIG
PLCG1,0.174169939,OLIG
RP11-783N5.1,0.173473967,OLIG
FAM19A4,0.17085501,OLIG
KIAA1841,0.170219544,OLIG
DAD1,0.168991745,OLIG
COL9A2,0.168895025,OLIG
H3F3B,0.168443379,OLIG
TENM3,0.166794846,OLIG
NFIB,0.166246624,OLIG
PLA2G16,0.162019649,OLIG
MAPKAPK5,0.16019347,OLIG
FAM160B1,0.157935494,OLIG
SRSF5,0.154324449,OLIG
SUCO,0.153070258,OLIG
AKAP7,-0.150769098,OLIG
CEP290,-0.151208807,OLIG
SPTLC2,-0.151523101,OLIG
GRIA1,-0.155702069,OLIG
FAIM2,-0.173313778,OLIG
MPST,-0.177096387,OLIG
HNRNPDL,-0.177956048,OLIG
BRAF,-0.179916929,OLIG
ARHGAP1,-0.183012865,OLIG
VWA1,-0.184221704,OLIG
FCHSD2,-0.18793207,OLIG
PRKCI,-0.188528737,OLIG
RP11-862P13.1,-0.189139085,OLIG
USP34,-0.194209969,OLIG
FOXO3,-0.195689311,OLIG
RASSF4,-0.199563088,OLIG
C21orf131,-0.203509813,OLIG
EPC1,-0.20869743,OLIG
NOCT,-0.210199032,OLIG
UNC5C,-0.215732044,OLIG
LAMA2,-0.216516269,OLIG
RASGRF1,-0.222348337,OLIG
AF131217.1,-0.222626263,OLIG
GPHN,-0.224558358,OLIG
PTN,-0.226565455,OLIG
CROCCP2,-0.231713459,OLIG
ATP2B4,-0.233024038,OLIG
FUT9,-0.237543674,OLIG
BCR,-0.238192874,OLIG
ATXN7L1,-0.238967836,OLIG
IGSF1,-0.243252463,OLIG
ATG13,-0.243772675,OLIG
PREX2,-0.265838383,OLIG
AFF1,-0.266237181,OLIG
TTC7B,-0.276144578,OLIG
LUZP2,-0.280179534,OLIG
DSCAML1,-0.284026479,OLIG
MEG3,-0.289728465,OLIG
NEDD4,-0.296491041,OLIG
CNDP1,-0.300173375,OLIG
GRID2,-0.307327017,OLIG
AC007349.4,-0.307999446,OLIG
CAMTA1,-0.312972701,OLIG
CLOCK,-0.313409622,OLIG
PRUNE2,-0.315082756,OLIG
BBX,-0.323313757,OLIG
PRKACB,-0.327816372,OLIG
FOXJ3,-0.329118122,OLIG
SEPP1,-0.339854607,OLIG
RAB3IP,-0.348070282,OLIG
LTBP1,-0.348787692,OLIG
ASAP1,-0.353362925,OLIG
STRADA,-0.35691276,OLIG
SAMD4A,-0.357850346,OLIG
GPR37,-0.358275831,OLIG
XKR4,-0.360202422,OLIG
CORO1C,-0.360404171,OLIG
MPDZ,-0.361937423,OLIG
FAM69C,-0.366725267,OLIG
CRYBG3,-0.367814954,OLIG
GRIK2,-0.374437181,OLIG
LANCL1,-0.374599431,OLIG
DAPK2,-0.378330055,OLIG
MAPK8,-0.379145711,OLIG
KLHDC4,-0.379306591,OLIG
BICC1,-0.382435392,OLIG
RBMS1,-0.384010917,OLIG
MICU3,-0.387831946,OLIG
TPPP,-0.389121903,OLIG
RP11-384F7.2,-0.389445051,OLIG
GNAO1,-0.391773099,OLIG
USP8,-0.393855795,OLIG
FAM53C,-0.406767279,OLIG
SYNE1,-0.407755335,OLIG
DPP6,-0.408531684,OLIG
STEAP1B,-0.412852823,OLIG
CCP110,-0.41609301,OLIG
PTPN4,-0.416721112,OLIG
EPB41L3,-0.417110563,OLIG
RRP36,-0.422338434,OLIG
TPD52,-0.42251234,OLIG
RALGAPA1,-0.427925659,OLIG
RP11-33N16.3,-0.436321715,OLIG
SPIN3,-0.442587127,OLIG
NPTX2,-0.450622363,OLIG
ERMN,-0.454287528,OLIG
RP11-141M1.3,-0.454799724,OLIG
TANC1,-0.455447395,OLIG
ZNF83,-0.462849145,OLIG
CHD9,-0.465510916,OLIG
PPP4R2,-0.481469087,OLIG
ELOVL7,-0.485585706,OLIG
ITGB8,-0.486031632,OLIG
CNKSR2,-0.490343932,OLIG
ZNF445,-0.497228809,OLIG
HIP1R,-0.49738579,OLIG
ANKRD44,-0.504813395,OLIG
WDPCP,-0.510138078,OLIG
LRRC1,-0.512460133,OLIG
HSP90B1,-0.51445308,OLIG
SKA2,-0.521184011,OLIG
CDH11,-0.522118007,OLIG
SMIM7,-0.525930173,OLIG
PDCD1LG2,-0.536270508,OLIG
TMEM135,-0.538546893,OLIG
CCDC122,-0.542896173,OLIG
GNAI1,-0.553629292,OLIG
TTLL11,-0.554245937,OLIG
MMAB,-0.55631905,OLIG
ABHD17B,-0.564316713,OLIG
SGIP1,-0.566402064,OLIG
RP11-320P7.2,-0.568431263,OLIG
MLLT4,-0.570071619,OLIG
FRMD8,-0.572802886,OLIG
SETD7,-0.574857808,OLIG
RAB27A,-0.5770465,OLIG
USP31,-0.58535248,OLIG
EPS8,-0.594899763,OLIG
ADGRE5,-0.599478397,OLIG
THSD7A,-0.615088346,OLIG
ADARB2,-0.616449817,OLIG
ANAPC10,-0.624140897,OLIG
HNRNPA1,-0.631079557,OLIG
ANKRD17,-0.642172763,OLIG
DTNB,-0.655125495,OLIG
TMEM232,-0.656869916,OLIG
JUN,-0.657612439,OLIG
GPR135,-0.671674708,OLIG
CTNNA3,-0.682282736,OLIG
PPP1R21,-0.682346342,OLIG
SCRG1,-0.687620442,OLIG
DPY19L3,-0.690007518,OLIG
FRK,-0.706341402,OLIG
SMARCAD1,-0.719982638,OLIG
WASHC3,-0.73270324,OLIG
ADCY3,-0.733150932,OLIG
PDE1A,-0.73458214,OLIG
SESN3,-0.736329533,OLIG
CCDC162P,-0.761243431,OLIG
FRG1CP,-0.764462466,OLIG
CPVL,-0.76490467,OLIG
STARD13,-0.765135646,OLIG
ROR1,-0.767757732,OLIG
ZFYVE16,-0.777058737,OLIG
TESK2,-0.777354131,OLIG
DDX3X,-0.784785694,OLIG
PLEKHG1,-0.788042994,OLIG
ENKUR,-0.788332628,OLIG
SCART1,-0.798813127,OLIG
IP6K1,-0.802982476,OLIG
PMS1,-0.815776662,OLIG
SNX16,-0.82248721,OLIG
TTYH2,-0.825978435,OLIG
BCAS1,-0.831353738,OLIG
FAM19A5,-0.831482795,OLIG
MAGI1,-0.837208884,OLIG
USP6NL,-0.840956493,OLIG
POLA2,-0.845879194,OLIG
TMEM136,-0.851176244,OLIG
FUT8,-0.852104216,OLIG
PIK3C3,-0.853753093,OLIG
TMEM260,-0.863808522,OLIG
RAMP1,-0.866244646,OLIG
RP11-381K20.2,-0.870765395,OLIG
RANBP17,-0.872511438,OLIG
ZNF326,-0.878997326,OLIG
STRIP1,-0.880525683,OLIG
PIK3CB,-0.882698711,OLIG
TRIM35,-0.898598998,OLIG
HADHA,-0.899961446,OLIG
RP11-611E13.2,-0.906821602,OLIG
SAMD4B,-0.910890494,OLIG
7-Sep,-0.916442038,OLIG
CTC-329D1.3,-0.928903541,OLIG
ANP32B,-0.929573361,OLIG
MTRF1,-0.980563536,OLIG
CNP,-1.000096455,OLIG
MIR325HG,-1.004386275,OLIG
MEIS2,-1.007937148,OLIG
ZDHHC14,-1.012311768,OLIG
ZNF525,-1.023875272,OLIG
UGT8,-1.037891395,OLIG
REEP1,-1.040537631,OLIG
CTC-459F4.2,-1.048625344,OLIG
RP11-453E17.1,-1.059214341,OLIG
ADAMTS8,-1.069231746,OLIG
ANKRD28,-1.085468359,OLIG
GPR158,-1.101562138,OLIG
KCNMB4,-1.111457512,OLIG
RP11-692D12.1,-1.122469081,OLIG
TRAF1,-1.132298471,OLIG
GFM2,-1.142162068,OLIG
PNISR,-1.145850444,OLIG
GLRA2,-1.14879101,OLIG
GRIA2,-1.166578678,OLIG
TACC1,-1.175115201,OLIG
ABCA8,-1.188211122,OLIG
NEGR1,-1.192948318,OLIG
NFIA,-1.216856343,OLIG
SDCBP,-1.278313129,OLIG
PFDN4,-1.298833118,OLIG
RP11-93O7.5,-1.31818183,OLIG
ADCY9,-1.3283721,OLIG
SYT9,-1.360155241,OLIG
PRKX,-1.373387795,OLIG
PID1,-1.408172696,OLIG
STMN4,-1.412496952,OLIG
RALGDS,-1.434005006,OLIG
GGT7,-1.447465668,OLIG
GCC2,-1.454865341,OLIG
AGO2,-1.462913066,OLIG
ELK3,-1.476243809,OLIG
NEK10,-1.486452409,OLIG
RTN4,-1.525958205,OLIG
RASSF2,-1.530765224,OLIG
WDR48,-1.555881048,OLIG
WDR7,-1.616094434,OLIG
GALNT13,-1.737460827,OLIG
NRXN1,-1.750322586,OLIG
TNIK,-1.752069482,OLIG
ANKRD50,-1.761191014,OLIG
NDUFS2,-1.775214585,OLIG
PDE4D,-1.80366451,OLIG
KCND2,-1.811445873,OLIG
PTK2,-1.840239184,OLIG
PLP1,-1.869080539,OLIG
LIMCH1,-1.958750616,OLIG
MLLT3,-2.058168403,OLIG
ADAMTS18,-2.086265597,OLIG
NEDD4L,-2.145155362,OLIG
SLA2,-2.360419757,OLIG
HSPH1,-2.513081348,OLIG
NKAIN2,-2.595881523,OLIG
RP11-111A22.1,-3.299539369,OLIG
MDGA2,-3.513680357,OLIG
ERBB4,-3.813258234,OLIG
PCDH9,-4.229729011,OLIG
LSAMP,-4.407224231,OLIG
LRP1B,-5.787459419,OLIG
ERICH5,3.780652526,AST
RP11-582J16.4,3.394414074,AST
PNPLA6,2.782800688,AST
AC004987.7,2.655519489,AST
CYP4F11,2.609596171,AST
MYH15,2.587954183,AST
CYP4F12,2.4810194,AST
ZSCAN31,2.474427091,AST
EBF1,2.430611839,AST
RP11-346I3.4,2.422138029,AST
TMPRSS5,2.412155168,AST
DDB2,2.332651819,AST
RP11-806O11.1,2.135619389,AST
MYOZ2,2.068071173,AST
TMEM258,2.057122096,AST
HERC2P3,2.041873426,AST
ZNF777,1.967814582,AST
AC012309.5,1.912731046,AST
CD58,1.884745898,AST
SLC28A3,1.784056562,AST
GBP2,1.765015964,AST
KALP,1.736936699,AST
RP11-438E5.1,1.713829509,AST
CACNA2D3,1.670043892,AST
RGN,1.625390248,AST
LRIG1,1.582527953,AST
HPSE2,1.578183632,AST
FLRT2,1.578049521,AST
LMNA,1.569798328,AST
DCC,1.568631836,AST
ZFYVE1,1.564632511,AST
HSD17B7P2,1.556622187,AST
MYO15B,1.554118598,AST
CUL9,1.542371259,AST
PCF11,1.517243006,AST
RP11-733C7.2,1.503343298,AST
EPHA6,1.492096904,AST
CNOT1,1.480439846,AST
AL592183.1,1.454482552,AST
SERPINE2,1.447413609,AST
RBM28,1.406143447,AST
MUM1,1.387705878,AST
ZIC5,1.383272353,AST
CPM,1.380418856,AST
RP11-317N12.1,1.363333902,AST
FAM13B,1.359941466,AST
JAK1,1.3585811,AST
FKBP15,1.343424807,AST
LSM5,1.271210551,AST
PREP,1.267919732,AST
ANAPC5,1.242991693,AST
TBC1D17,1.232214455,AST
NCRNA00185,1.21808367,AST
CAMK2G,1.214155399,AST
AC006547.13,1.200417161,AST
TOM1,1.193806883,AST
IFI16,1.18753593,AST
POLR2G,1.180237233,AST
IQCK,1.177104575,AST
ZNF429,1.176449709,AST
HHATL,1.16412039,AST
ANKRD36,1.162189234,AST
RBBP6,1.140546404,AST
CHKB,1.139610204,AST
VAC14,1.110936982,AST
CIRBP,1.086433756,AST
ERCC6,1.084864762,AST
N4BP2L2,1.082205568,AST
C10orf11,1.071649644,AST
TMBIM6,1.071259818,AST
IL1RAPL1,1.070502892,AST
UXS1,1.061018927,AST
RP11-441O15.3,1.056730839,AST
TLE4,1.056455644,AST
UBE2R2,1.053267195,AST
KHDRBS2,1.040213737,AST
TCF3,1.032477508,AST
NUDT6,1.015038706,AST
RPL13,1.008021041,AST
SLC38A2,0.996629798,AST
KIAA1257,0.990873071,AST
APOOL,0.988260185,AST
CTD-2201E18.3,0.987577793,AST
TMEM164,0.980988711,AST
SCYL3,0.973115385,AST
KIAA1549L,0.971490235,AST
ST6GAL1,0.959583045,AST
PAPSS1,0.957907287,AST
LRP1,0.956394165,AST
TMEM144,0.955233881,AST
THRA,0.953822957,AST
COPG2,0.953515325,AST
ZNF98,0.952880084,AST
NKTR,0.944428533,AST
GFAP,0.942072591,AST
SF1,0.939699287,AST
RP11-96H19.1,0.93677613,AST
SEMA3A,0.933224108,AST
AC016747.2,0.931990195,AST
RP11-116N8.1,0.925740865,AST
TF,0.923953986,AST
SENP2,0.919841418,AST
GSTM5,0.908896661,AST
YTHDC2,0.906175541,AST
RSRC1,0.904108613,AST
STX16,0.903626518,AST
RASGRP3,0.898524572,AST
ARHGEF3,0.890754865,AST
AC099057.8,0.88749694,AST
C1orf101,0.884899458,AST
FEZ1,0.880843648,AST
PSMB2,0.878640812,AST
SREBF2,0.869017527,AST
STYXL1,0.865208543,AST
DBX2,0.860096091,AST
QDPR,0.851669254,AST
DRAIC,0.848601572,AST
MT-ND4,0.846780202,AST
KCTD1,0.843304911,AST
RP11-259K15.3,0.842783355,AST
ANGPTL4,0.841593317,AST
HDAC10,0.833090584,AST
DAPK3,0.829566203,AST
TBCA,0.826963994,AST
ACER3,0.826753181,AST
MEF2D,0.821802221,AST
ZNF462,0.819434566,AST
PSD2,0.814839583,AST
INPP4A,0.811697276,AST
LMBR1,0.808134909,AST
RP11-179A16.1,0.806179538,AST
PURG,0.787654871,AST
TCTN2,0.787188369,AST
FBXL4,0.782496352,AST
DOCK5,0.780508477,AST
PLXNC1,0.778685326,AST
IKZF5,0.763101664,AST
TKT,0.760653635,AST
ARHGEF4,0.759070952,AST
HSPB8,0.753219484,AST
MT-CO2,0.748578237,AST
MAN1A2,0.748382102,AST
IGF2R,0.747636726,AST
GNA14,0.74203057,AST
ATG10,0.741475531,AST
STXBP3,0.74058271,AST
NRXN3,0.740462533,AST
LETM2,0.734210818,AST
UTY,0.729474753,AST
CYSTM1,0.727566044,AST
WDR27,0.726743554,AST
TOGARAM2,0.725242331,AST
ARHGEF17,0.723500076,AST
EFR3B,0.723177301,AST
SPOP,0.722730172,AST
SNTG1,0.722327547,AST
ARHGAP29,0.717987944,AST
KCTD15,0.717600463,AST
MRPS30,0.712192981,AST
ADAMTS6,0.703291653,AST
PFKFB3,0.69423532,AST
ATP11C,0.693346992,AST
MTUS1,0.690975747,AST
MPRIP,0.689725308,AST
LLfos-48D6.2,0.67324948,AST
MARS,0.670402366,AST
WHAMM,0.66333223,AST
RAB3GAP1,0.661679766,AST
PDE3A,0.660498529,AST
FTCDNL1,0.658680028,AST
TSTD2,0.650730462,AST
DPY19L1,0.646378218,AST
WDR66,0.644516376,AST
BCAN,0.634047179,AST
ARRDC3,0.626574416,AST
PLK5,0.619632001,AST
ANAPC1,0.618280781,AST
CCDC7,0.615439742,AST
RP11-206L10.11,0.6139586,AST
RP11-398K22.12,0.608709296,AST
UBE3D,0.607136252,AST
RP11-563J2.2,0.606786658,AST
ZMYM2,0.604803174,AST
ERI3,0.599850001,AST
ANP32A,0.599206947,AST
FBXL20,0.59842893,AST
ELOVL5,0.59653617,AST
RP5-1049N15.2,0.592440906,AST
FAHD2CP,0.589165113,AST
ALK,0.583078524,AST
RHBDD3,0.577323385,AST
ZNRF2,0.576084995,AST
YPEL5,0.571007519,AST
NUP210L,0.569949771,AST
USP13,0.569741804,AST
C16orf88,0.567517382,AST
RIN3,0.560337658,AST
DEF8,0.560172054,AST
WNK2,0.541514022,AST
RP5-1024N4.2,0.539347626,AST
RLF,0.538828612,AST
ZRSR2,0.538735459,AST
IL6R,0.5285419,AST
MFSD11,0.523527575,AST
MLH3,0.521263669,AST
PRIMPOL,0.518360791,AST
B3GAT2,0.517999454,AST
GOLGA5,0.506491683,AST
AVL9,0.497578925,AST
GLE1,0.493621607,AST
PSMG4,0.492955626,AST
GABRA2,0.492921147,AST
C16orf62,0.491708163,AST
RBFOX1,0.486656324,AST
HIF3A,0.480266416,AST
RP11-447D11.2,0.479561056,AST
ACSL1,0.479322132,AST
SDK2,0.474591667,AST
JAKMIP3,0.470481316,AST
NCAN,0.468847577,AST
PHYKPL,0.467846299,AST
HSPA12A,0.46623556,AST
MEIS1,0.4638584,AST
CARS2,0.463256532,AST
FLYWCH1,0.460540762,AST
EIF3B,0.457396387,AST
RP4-562J12.2,0.457320938,AST
PLEKHB1,0.454092233,AST
MAOA,0.452037459,AST
CLCN4,0.451618957,AST
RP5-1159O4.1,0.4482007,AST
SAP30BP,0.447348274,AST
ABCA5,0.44559047,AST
SOX9,0.445057055,AST
ZNF804B,0.443955336,AST
RP11-563J2.3,0.442451816,AST
HOMER2,0.432581801,AST
ABCA3,0.430286774,AST
TCEANC2,0.424395092,AST
ENO2,0.423839186,AST
AMZ2,0.422367358,AST
BAIAP2,0.420644528,AST
RP11-116N8.4,0.4204404,AST
LCOR,0.418754346,AST
RHBDL2,0.417136929,AST
RP4-694B14.5,0.415077084,AST
NUBPL,0.410117937,AST
EVI5,0.406066538,AST
MVD,0.399129848,AST
AK8,0.394894513,AST
EWSR1,0.39486898,AST
TTN,0.393257496,AST
EXPH5,0.392479346,AST
IQCH,0.391872191,AST
SHROOM4,0.387399989,AST
ZDHHC24,0.387015791,AST
RP11-10O17.3,0.385600585,AST
CCDC144B,0.38353852,AST
TCFL5,0.382807626,AST
FAM134B,0.37932859,AST
CNTN3,0.376728117,AST
FARP1,0.3741666,AST
RP11-799O21.1,0.374072749,AST
PACS1,0.371578354,AST
ATR,0.368654085,AST
THADA,0.368312834,AST
AGTPBP1,0.367850088,AST
ATF7IP2,0.36320154,AST
PAMR1,0.361277373,AST
USP53,0.352548244,AST
ABCC4,0.35235615,AST
SOX9-AS1,0.346015266,AST
CLIC4,0.344671196,AST
SCAMP1,0.341386488,AST
SLC6A11,0.336876001,AST
IRS2,0.335009123,AST
SYTL4,0.332773165,AST
RP11-163N6.2,0.331084949,AST
TP53BP1,0.329966838,AST
GCLC,0.323315853,AST
AGL,0.323273901,AST
RPS6KC1,0.322424364,AST
SLC25A18,0.318381689,AST
KLF9,0.317983758,AST
TAB1,0.316505164,AST
ONECUT1,0.315108215,AST
SLC8B1,0.308600001,AST
DENND1B,0.303261003,AST
DIO2,0.302271047,AST
RASD1,0.30224952,AST
RAB22A,0.300306498,AST
RIMS1,0.299074373,AST
HMGN3,0.297933202,AST
RP1-93I3.1,0.296697282,AST
DST,0.296060782,AST
WWC1,0.29597114,AST
RP11-81N13.1,0.293306488,AST
ETV6,0.291030466,AST
EMID1,0.290592377,AST
RP11-665G4.1,0.286496045,AST
SLF1,0.286179291,AST
ZNF783,0.285544209,AST
RP11-783N5.1,0.28470147,AST
B3GLCT,0.278281133,AST
SNAP23,0.278172684,AST
GLRX3,0.271796347,AST
LIMCH1,0.267815161,AST
GMNN,0.266309655,AST
DIXDC1,0.264392715,AST
POLR3A,0.259640021,AST
RP11-611E13.2,0.258755952,AST
EPS15L1,0.257654089,AST
SFMBT2,0.257505512,AST
KLHL32,0.256070967,AST
FZD4,0.246246875,AST
FUCA1,0.240184389,AST
RAB11A,0.237516712,AST
PNPLA7,0.236677214,AST
PPA1,0.234796171,AST
TUG1,0.23348807,AST
KCNN2,0.232786007,AST
KDELR2,0.23138501,AST
CEP192,0.229426814,AST
IPO11,0.228793828,AST
OTUD7B,0.2279013,AST
GAB1,0.227756206,AST
HYDIN,0.227410811,AST
FERMT2,0.226440759,AST
EFR3A,0.225547731,AST
UBC,0.225522907,AST
HYDIN2,0.225074666,AST
RUNX1T1,0.223208544,AST
CRTC3,0.222033939,AST
WBP2NL,0.21784269,AST
ABTB2,0.214605365,AST
OSGIN2,0.214302121,AST
SLC24A4,0.213569833,AST
PLEC,0.213065762,AST
DAPK1,0.21155902,AST
BHMT2,0.209753087,AST
RP11-345M22.1,0.203623489,AST
CTD-2378E12.1,0.199770154,AST
RP1-222E13.10,0.195647352,AST
FGD6,0.194989338,AST
CLK4,0.190046792,AST
CD44,0.186522909,AST
CP,0.185925564,AST
CST3,0.185533432,AST
PADI2,0.181886715,AST
QKI,0.179854462,AST
ZFHX3,0.178019487,AST
FRMD5,0.177049193,AST
TIAM1,0.175653664,AST
VWCE,0.174633705,AST
ETV5,0.173744631,AST
ZFYVE16,0.172735193,AST
AL121656.4,0.169653169,AST
FZD6,0.169111746,AST
COL5A3,0.166539486,AST
ETV1,0.162393553,AST
KCNE4,0.161873122,AST
INTS4P1,0.160595292,AST
FZD3,0.156610561,AST
NFATC2,0.155849201,AST
YPEL2,0.155196468,AST
LAMA4,0.154273054,AST
MGMT,0.154062015,AST
HVCN1,0.153019426,AST
ITGA7,0.152883093,AST
TMEM55B,0.152449307,AST
ATP8A1,0.151836648,AST
L3MBTL4,-0.150048834,AST
P4HA2,-0.15455627,AST
ITGA6,-0.159047052,AST
WSB2,-0.161477578,AST
NF1,-0.165649262,AST
MRO,-0.170056974,AST
NR3C2,-0.173321511,AST
TXNRD1,-0.174618046,AST
NLGN4X,-0.179582274,AST
BCL6,-0.182176181,AST
PARD3,-0.182265346,AST
LRRTM4,-0.183456924,AST
NFKBIA,-0.184756541,AST
GEM,-0.185497753,AST
AC093415.2,-0.186412963,AST
HTRA1,-0.187690348,AST
TRNAU1AP,-0.188014958,AST
ABCA1,-0.188069323,AST
NLGN1,-0.188352899,AST
PCDHGB7,-0.189922743,AST
RP5-907D15.2,-0.191572445,AST
LRP4,-0.191702272,AST
SGIP1,-0.197262475,AST
SLC24A2,-0.202087954,AST
ACO2,-0.202904697,AST
ACTB,-0.203698412,AST
PRKCE,-0.205581576,AST
BBS2,-0.20588386,AST
GPR75-ASB3,-0.208876369,AST
CHST9-AS1,-0.210298501,AST
NRBP2,-0.210495096,AST
RP11-206L10.9,-0.21312232,AST
DAAM2,-0.223500425,AST
JADE1,-0.226945509,AST
ANK2,-0.227179508,AST
GPR161,-0.228003769,AST
GLCCI1,-0.230550711,AST
RAB4A,-0.233063702,AST
SPOCK3,-0.235720217,AST
SLC25A3,-0.235953649,AST
SREK1,-0.241175161,AST
DIRC3,-0.243568018,AST
PLCB1,-0.244797911,AST
GARNL3,-0.247202765,AST
ST18,-0.248924781,AST
EDNRA,-0.252621075,AST
PLCG1,-0.253485503,AST
PWRN1,-0.253895434,AST
RALGAPA1,-0.257373143,AST
ZNF587,-0.260600954,AST
SEMA4A,-0.261627021,AST
SPAG1,-0.264004624,AST
ELOVL2,-0.266010503,AST
ST6GAL2,-0.268480394,AST
MAPKAP1,-0.271207853,AST
HIP1R,-0.272058089,AST
RP11-284M14.1,-0.274536668,AST
MAPK8,-0.280706649,AST
CAST,-0.281705842,AST
SLC7A2,-0.281725183,AST
RP11-727A23.10,-0.286793729,AST
HSP90AA1,-0.289125487,AST
SLC9A9,-0.289444286,AST
SPEN,-0.289513372,AST
HSP90B1,-0.291027186,AST
EIF4A2,-0.294695959,AST
GRIA4,-0.294952951,AST
BICC1,-0.296188524,AST
LINC00461,-0.299621374,AST
LUZP2,-0.303013813,AST
ARHGAP6,-0.305485389,AST
AGAP2,-0.30673957,AST
TBC1D10A,-0.309083858,AST
RP11-511B23.2,-0.310141286,AST
USP54,-0.311329264,AST
MT1E,-0.313663656,AST
CHST11,-0.319561878,AST
RP4-673D20.3,-0.321223923,AST
NEB,-0.325820434,AST
HIVEP1,-0.327076705,AST
NKAIN3,-0.327178602,AST
NTRK2,-0.327863253,AST
RNF144A,-0.330424229,AST
CHKA,-0.334194933,AST
MARCKS,-0.341315098,AST
EEPD1,-0.344437138,AST
SCG3,-0.34520539,AST
DENND4C,-0.348662906,AST
KB-1047C11.2,-0.351267052,AST
CTD-2054N24.2,-0.355288565,AST
TRPC1,-0.35608043,AST
KCNH7,-0.373026766,AST
PCLO,-0.374668492,AST
GGTA1P,-0.37964734,AST
ZNF217,-0.381483309,AST
ENTPD5,-0.383310073,AST
LINC01138,-0.383582327,AST
DGKZ,-0.385155212,AST
LHFP,-0.385249951,AST
COL11A1,-0.38953277,AST
BRINP1,-0.391069963,AST
FRMPD4,-0.393022655,AST
ALDH1A1,-0.393824101,AST
MAMLD1,-0.396050954,AST
RHOB,-0.397234684,AST
TRIM9,-0.39757035,AST
CTC-559E9.6,-0.398738903,AST
ZDHHC5,-0.401955808,AST
RAMP1,-0.402422235,AST
BLOC1S2,-0.413643723,AST
PRKG1,-0.417813964,AST
DISP3,-0.4220694,AST
STOX1,-0.42270898,AST
TAB2,-0.426032937,AST
RP11-526N18.1,-0.428787506,AST
BCAR3,-0.428981221,AST
THSD7A,-0.432491695,AST
DGKB,-0.436949847,AST
KIF13B,-0.439008875,AST
DPYSL3,-0.439650131,AST
ACSL6,-0.440742375,AST
DGKG,-0.441887454,AST
PRR5,-0.442842063,AST
RP11-627D16.1,-0.450846711,AST
MFSD2A,-0.451586658,AST
HNRNPU,-0.456772299,AST
NBPF19,-0.467419074,AST
NPL,-0.468002125,AST
TBL1XR1,-0.469143297,AST
MAP3K20,-0.469735739,AST
SUSD6,-0.469864012,AST
CDH8,-0.475336492,AST
ENC1,-0.478097188,AST
SRPX2,-0.480521081,AST
DUSP1,-0.480806377,AST
TPCN1,-0.483052629,AST
CA12,-0.485609629,AST
TUBGCP6,-0.487251861,AST
STXBP5L,-0.494934965,AST
ABHD2,-0.497108161,AST
GRIN2B,-0.497661298,AST
TSPAN5,-0.498910726,AST
SRSF3,-0.502897361,AST
PHYHD1,-0.505286947,AST
VEGFA,-0.507269851,AST
DDX31,-0.510319684,AST
ENPP3,-0.522721549,AST
SLC27A1,-0.523738959,AST
MAGED1,-0.529292707,AST
C1orf95,-0.531704926,AST
NPTXR,-0.532937611,AST
DOCK9,-0.5383372,AST
AK9,-0.539259494,AST
CDH13,-0.539720166,AST
ESRRG,-0.543538699,AST
CCDC80,-0.545254937,AST
SYNE1,-0.550977334,AST
RP11-3B12.2,-0.555766965,AST
FUBP1,-0.558197023,AST
GRAMD1B,-0.5590084,AST
UPF1,-0.561753941,AST
USH1C,-0.566127816,AST
KIAA0930,-0.571925758,AST
APP,-0.573908054,AST
TLE1,-0.579069431,AST
DISC1,-0.580217122,AST
TMTC1,-0.581916074,AST
FAP,-0.584523249,AST
C8orf46,-0.587448012,AST
NDFIP2,-0.591050045,AST
N4BP2,-0.593972261,AST
SUCLG1,-0.605068326,AST
LINC00836,-0.606179799,AST
PCDH17,-0.620874498,AST
C18orf8,-0.629202067,AST
KCND2,-0.635599368,AST
AC090044.1,-0.636452976,AST
C9orf72,-0.637638928,AST
WIF1,-0.654779082,AST
KCNT2,-0.661532731,AST
CTC-499B15.5,-0.667404329,AST
LIX1,-0.668611158,AST
C3,-0.674681334,AST
LRRC1,-0.680711578,AST
SPARCL1,-0.681194342,AST
SAMD8,-0.696786111,AST
UBE2D1,-0.698188653,AST
KANK1,-0.701294479,AST
GPR173,-0.702542282,AST
TBCCD1,-0.703622376,AST
ST6GALNAC3,-0.708186743,AST
LRRC3B,-0.714093059,AST
RGCC,-0.71740709,AST
TMEM132B,-0.71877731,AST
HDX,-0.731853202,AST
STON2,-0.733544812,AST
SLC6A1,-0.739322462,AST
ZNF16,-0.754090961,AST
CTNNBIP1,-0.754255628,AST
CLDN12,-0.755222199,AST
PPP4R2,-0.755413123,AST
DPP10,-0.760543882,AST
LTBP3,-0.764561027,AST
ATP9A,-0.766244201,AST
CD164,-0.766951451,AST
GNB4,-0.770751614,AST
HECTD2,-0.77180161,AST
TRAPPC11,-0.772799018,AST
UBR1,-0.775631058,AST
BDH2,-0.776258171,AST
ARSF,-0.777794186,AST
PHF8,-0.779994469,AST
NFKB1,-0.783036091,AST
DCLK1,-0.79266491,AST
MPPED2,-0.794181314,AST
MGAT4C,-0.796717168,AST
CADPS,-0.799174508,AST
C12orf4,-0.799859798,AST
AK3,-0.805708325,AST
MTFR1,-0.809764934,AST
BRINP2,-0.820968507,AST
ARRB1,-0.837246594,AST
CHPT1,-0.850202428,AST
RAB10,-0.857207859,AST
ARMC8,-0.858352058,AST
KLHL29,-0.862606104,AST
CELF4,-0.867364294,AST
SMS,-0.868067592,AST
TMEM184C,-0.868510191,AST
RP11-133F8.2,-0.884198638,AST
CCDC192,-0.885136916,AST
APBB2,-0.891342362,AST
TAF4B,-0.894866222,AST
SGCZ,-0.896057586,AST
CROCCP2,-0.9088875,AST
OXR1,-0.911930134,AST
ARL8A,-0.91214128,AST
PAQR8,-0.925204705,AST
BAMBI,-0.932267685,AST
CCND2,-0.939000046,AST
EGR1,-0.939903646,AST
TOMM20,-0.953039141,AST
RP11-10L7.1,-0.953473342,AST
CLU,-0.972471376,AST
FSTL5,-0.994378077,AST
ABCD2,-0.994583593,AST
RP11-212P7.3,-1.023145634,AST
TRIM33,-1.030119047,AST
TLR4,-1.037068107,AST
RP11-702M1.1,-1.040724105,AST
SAT1,-1.041469469,AST
SDC2,-1.059909322,AST
CYP2J2,-1.066024889,AST
AGBL4,-1.066547962,AST
FH,-1.079586331,AST
GREB1,-1.08035323,AST
RP1-158P9.2,-1.097409607,AST
CA5BP,-1.119456829,AST
ARGLU1,-1.145116511,AST
ANKRD44,-1.151558896,AST
SCGB2B2,-1.15445361,AST
DMD,-1.16099501,AST
RSBN1,-1.189075976,AST
C19orf18,-1.196549405,AST
ARL13B,-1.198696051,AST
SLC8A1,-1.203469376,AST
RP11-613M10.9,-1.205151021,AST
RGS3,-1.212357457,AST
NFASC,-1.218002174,AST
MDGA2,-1.22837598,AST
PRKD1,-1.255034667,AST
CAMK2B,-1.255705811,AST
TLN2,-1.258505836,AST
SNX14,-1.259304928,AST
SLC19A3,-1.260218683,AST
CNTFR,-1.261266809,AST
KAZN,-1.263711071,AST
RTN4RL1,-1.275620467,AST
AC002429.5,-1.284830324,AST
RP11-946L20.2,-1.287697039,AST
SCLT1,-1.309283512,AST
OSMR,-1.315117542,AST
H3F3A,-1.384510122,AST
RP1-292B18.4,-1.392030417,AST
WDR49,-1.394195163,AST
TOB2,-1.398442888,AST
PRICKLE2,-1.43316822,AST
RASGEF1B,-1.433583552,AST
TNC,-1.440828071,AST
CLHC1,-1.447937922,AST
IFLTD1,-1.461384734,AST
ACOX1,-1.475142243,AST
ANTXR2,-1.507865622,AST
ZNF292,-1.518839513,AST
PGM2L1,-1.528636635,AST
THAP6,-1.555145422,AST
GRID2,-1.575784022,AST
FKBP5,-1.602419719,AST
ARSE,-1.64036092,AST
RP4-736L20.5,-1.65797951,AST
NCAM2,-1.722933041,AST
STAT2,-1.837525874,AST
VAV3,-1.868143971,AST
PRKCQ,-2.041099382,AST
TTC6,-2.114201153,AST
CTD-2353F22.1,-2.394668681,AST
SMO,-2.48848873,AST
RP11-407A16.3,-2.758829139,AST
CH17-118O6.3,5.084068396,MG
TRMT112,4.635291959,MG
RP11-136K14.1,4.409553974,MG
TCIRG1,4.369518657,MG
C20orf197,4.2647165,MG
BCL2A1,4.250519756,MG
MAP4K1,4.167274994,MG
AL844908.5,3.938678418,MG
LSP1,3.876655767,MG
FCMR,3.794432793,MG
AF127577.11,3.439478906,MG
C18orf42,3.375730928,MG
NPM2,3.338553568,MG
AC109826.1,3.247733304,MG
HHEX,2.936739153,MG
MSX1,2.866224249,MG
ICOSLG,2.858594669,MG
PCDH18,2.852211214,MG
RP11-165F24.3,2.792719447,MG
CTD-2035E11.5,2.780886349,MG
TMEM119,2.710898914,MG
RP11-175P13.3,2.697469431,MG
PHKA1,2.683334607,MG
CTD-2371O3.3,2.524982059,MG
CTC-428I3.1,2.454851698,MG
AC021016.8,2.445319347,MG
AC003080.4,2.441590601,MG
RP11-542K23.7,2.436251434,MG
GLRA3,2.402995255,MG
RNU6-268P,2.319687634,MG
IQGAP3,2.308978202,MG
CXorf57,2.294790575,MG
CTB-129O4.1,2.271450629,MG
ECM2,2.265815738,MG
PDCL2,2.216067124,MG
SAXO1,2.209857843,MG
CCL2,2.173577405,MG
RP11-493L12.2,2.166152758,MG
TNFRSF13C,2.151069357,MG
TMEM106C,2.14739843,MG
KIF22,2.112739464,MG
AC017076.5,2.0629399,MG
PAF1,2.058432672,MG
TLR7,2.039347607,MG
RNF181,2.033594213,MG
MMP26,2.013145829,MG
RP11-543G18.1,2.012869457,MG
CTB-131B5.5,2.009621703,MG
PRICKLE3,1.975619456,MG
RP11-347P5.1,1.950636605,MG
RP11-323P17.2,1.896864095,MG
GLIDR,1.865785502,MG
ADORA3,1.855905468,MG
CTD-3128G10.7,1.854592798,MG
GEMIN2,1.824577546,MG
CYB561A3,1.823673721,MG
COA7,1.823137655,MG
FBP1,1.76216073,MG
RP11-346C20.4,1.759427957,MG
PKD2L1,1.675512785,MG
HAMP,1.616632191,MG
STRIP1,1.583069481,MG
GABRQ,1.582272447,MG
LSM11,1.54655711,MG
SRGAP2,1.538414511,MG
ARHGAP24,1.535058648,MG
SERPING1,1.525033919,MG
ARHGAP9,1.518793194,MG
AC072062.1,1.505323777,MG
FANCA,1.441727041,MG
SRGN,1.441167884,MG
LEKR1,1.440905178,MG
GNA15,1.420526389,MG
OSBPL10,1.391009294,MG
UBE2L6,1.388628033,MG
RP11-945C19.4,1.381073807,MG
RGS18,1.378572162,MG
GUCY2D,1.35276525,MG
HSPA2,1.335057167,MG
CYB561D2,1.314540817,MG
KRT8P12,1.314461576,MG
EIF3CL,1.306006556,MG
RP11-357N13.3,1.281686329,MG
PLEKHA8,1.27878384,MG
SHROOM2,1.277524219,MG
RP1-206D15.6,1.266687775,MG
LINC00271,1.265166667,MG
CABP1,1.254401083,MG
DCST2,1.251505043,MG
CECR6,1.241287491,MG
AC064860.2,1.237650685,MG
RP3-428L16.1,1.22142722,MG
OAF,1.196269389,MG
AC008937.2,1.185887276,MG
RP11-445H22.4,1.179076891,MG
GSTP1,1.168072655,MG
PHOSPHO1,1.161412611,MG
STX10,1.147404814,MG
CTC-436P18.3,1.146930005,MG
RP11-156P1.3,1.145771781,MG
EPB41L2,1.138641489,MG
KRTCAP2,1.12832525,MG
CTD-2026C7.1,1.118142437,MG
RGS19,1.117518726,MG
AC008268.3,1.107689851,MG
SLC25A17,1.097623242,MG
CTSK,1.085178157,MG
CD69,1.083991872,MG
SNHG16,1.077251195,MG
CLEC1A,1.075068536,MG
DDX3Y,1.071312931,MG
BRAT1,1.064640329,MG
COIL,1.060573124,MG
BCL2L11,1.060251429,MG
RP11-264L1.1,1.054452372,MG
FBXO11,1.047189183,MG
RP11-1094M14.11,1.041120128,MG
ADGRE1,1.037502754,MG
AC024084.1,1.036411881,MG
SNRPG,1.030437752,MG
ZBED3-AS1,1.025710827,MG
USF3,1.015184151,MG
BIRC5,0.998931292,MG
TBL2,0.997110465,MG
KCNMB1,0.987856048,MG
ZNF682,0.966364957,MG
LAMTOR4,0.965226625,MG
SORL1,0.953849045,MG
TCEAL3,0.943981082,MG
MMP2,0.942383945,MG
NPAS1,0.930753907,MG
PIEZO2,0.920459174,MG
ATG2A,0.915417517,MG
RPP14,0.913978402,MG
METTL2A,0.911988637,MG
CTTN,0.907715349,MG
SIRPB2,0.907246673,MG
RP11-365O16.6,0.902774768,MG
MIAT,0.898737879,MG
RP1-167G20.1,0.894434505,MG
AC002310.13,0.884300287,MG
SLFN13,0.88094186,MG
CXCL8,0.87793999,MG
OLFML3,0.871474763,MG
TOM1L2,0.863940324,MG
ZFP69B,0.855826963,MG
DENND4B,0.851469309,MG
ZFHX3,0.843549642,MG
RP11-134G8.7,0.84200987,MG
IDNK,0.834932673,MG
TRPS1,0.831010032,MG
PIK3C2B,0.819265673,MG
GIMAP4,0.817230376,MG
GNLY,0.81626721,MG
RP11-733O18.1,0.814871648,MG
SLC15A3,0.813573005,MG
ZNF3,0.798606383,MG
NLGN4Y,0.792820886,MG
RP11-438E5.1,0.792594784,MG
U52111.14,0.791078313,MG
RP11-123K3.4,0.788689043,MG
FOXO3,0.78193016,MG
HMGCR,0.776307447,MG
RP11-520M5.5,0.76291547,MG
CAPG,0.759013906,MG
HHATL,0.757630533,MG
RP11-226E21.4,0.748801433,MG
DOCK10,0.741437114,MG
ADCY3,0.741184907,MG
DIP2B,0.739480344,MG
ARHGAP26,0.739179312,MG
P2RY6,0.736949912,MG
AOAH,0.735088489,MG
RP3-394A18.1,0.731727094,MG
RP11-840I19.3,0.728738853,MG
HDDC2,0.724238892,MG
RP11-773D16.1,0.722840829,MG
MIR181A2HG,0.719560592,MG
RP4-543J13.1,0.717867849,MG
GMEB1,0.714303571,MG
RP11-739N20.2,0.708712141,MG
TXNDC17,0.707338286,MG
CD80,0.703279263,MG
ADAM28,0.701094178,MG
TMEM147,0.692048466,MG
DDX47,0.68890882,MG
GINS3,0.687438412,MG
PCDH10,0.687126501,MG
CTD-2008L17.1,0.68691083,MG
ABI3,0.68518054,MG
RFX1,0.681104507,MG
ACOT13,0.673060377,MG
SLC45A4,0.671522347,MG
ZNF428,0.670221409,MG
KALP,0.667284208,MG
MROH7-TTC4,0.663607751,MG
TUBBP5,0.659224465,MG
INSIG1,0.655739531,MG
TUG1,0.647332403,MG
U2AF1,0.642389782,MG
MYO7B,0.634350256,MG
DNAJC5,0.631015508,MG
MTUS2,0.627397507,MG
DCAF6,0.624690149,MG
PCBP2,0.623571953,MG
DSCR3,0.620019019,MG
ABCC13,0.61894408,MG
TRAK1,0.61811836,MG
CH17-262H22.1,0.611645174,MG
DESI2,0.611241281,MG
MYO1E,0.610829059,MG
STAT6,0.610401266,MG
TRMT11,0.607220108,MG
ADAM12,0.605263396,MG
ADCK2,0.599134028,MG
ZNF470,0.597741288,MG
BCL2L2-PABPN1,0.596434521,MG
RP3-455J7.4,0.591515407,MG
KDELR1,0.589460229,MG
AC010149.4,0.588779148,MG
NEAT1,0.585562452,MG
EYA3,0.585013091,MG
QDPR,0.584212385,MG
POLDIP2,0.5841954,MG
IL17RA,0.582813097,MG
DAGLB,0.581908081,MG
OXR1,0.578716751,MG
MIOS,0.57835819,MG
SSBP2,0.57713632,MG
SDHAF3,0.573979094,MG
PRCP,0.57158529,MG
CTD-2587H24.5,0.569834312,MG
UTY,0.565510952,MG
PTAFR,0.564419427,MG
WDFY3,0.560201185,MG
AHI1,0.558452007,MG
CLCN7,0.557944668,MG
POFUT2,0.557360906,MG
RP11-511P7.2,0.556985558,MG
CTD-2319I12.4,0.553944148,MG
TNFRSF11B,0.55325126,MG
MIR3142HG,0.553067862,MG
SPTSSA,0.551922904,MG
PDZD2,0.551429068,MG
RP11-1012E15.2,0.551264671,MG
AC008592.5,0.55002889,MG
CCNH,0.54891827,MG
ATP13A4,0.545877395,MG
TLR10,0.544255296,MG
SMAP2,0.535230685,MG
MYH9,0.532723885,MG
TMC6,0.532524408,MG
SENP2,0.53242112,MG
TM9SF4,0.529015235,MG
EMX1,0.528973457,MG
EEPD1,0.526560005,MG
CARD9,0.5246343,MG
HS3ST4,0.524398988,MG
MAN2B1,0.523322439,MG
ITGB3,0.521739611,MG
CASP7,0.521590696,MG
ATP5A1,0.518856473,MG
GRPEL1,0.517429039,MG
CTC-419K13.1,0.514843466,MG
RP11-617F23.2,0.51406365,MG
DEGS1,0.513912715,MG
AF127936.3,0.511572227,MG
KMT2E,0.507808119,MG
HIP1,0.506987242,MG
COA6,0.506504347,MG
P2RY13,0.506341245,MG
PLA2G7,0.505127243,MG
DOPEY1,0.503895512,MG
IDH3G,0.500017049,MG
DDI2,0.499055902,MG
CD300LB,0.498561622,MG
ZNF718,0.495286058,MG
SIGLEC9,0.492675864,MG
PRAM1,0.491975713,MG
HVCN1,0.491835611,MG
MAP3K5,0.488823671,MG
ECSIT,0.487389923,MG
RP1-249H1.4,0.487137935,MG
RP11-16C1.2,0.486721398,MG
LDB1,0.486670498,MG
TUBB8,0.486351625,MG
BLVRA,0.481363539,MG
OLR1,0.476644817,MG
ZNF589,0.474005462,MG
TMEM30A,0.47384245,MG
LDB3,0.472107962,MG
RP11-93L9.1,0.471773807,MG
C3,0.470580318,MG
MGAT4A,0.469736905,MG
FOS,0.46896763,MG
SPINT1,0.468905442,MG
PPP1R12C,0.468325333,MG
AC079305.8,0.468296857,MG
DAD1,0.465880464,MG
GLS,0.463736279,MG
TBXAS1,0.46201624,MG
GATAD1,0.460627853,MG
CCP110,0.459541758,MG
MYO9A,0.45859014,MG
CYB5R3,0.458470353,MG
ZNF292,0.457892914,MG
NCKAP5,0.457494837,MG
TRIP11,0.450042231,MG
FAR2,0.44974223,MG
CD83,0.44880036,MG
ARHGAP15,0.446865559,MG
FOLH1,0.446067478,MG
RP11-659O3.1,0.44557504,MG
STX1A,0.442440691,MG
FAU,0.440032154,MG
RP11-531A24.5,0.439856008,MG
TMED10,0.438388165,MG
SUGCT,0.437720597,MG
TNPO3,0.436854043,MG
COL14A1,0.435473972,MG
FAM53C,0.434936409,MG
ADGRG6,0.432619166,MG
CCND3,0.432555399,MG
ROCK1,0.432425851,MG
KLF6,0.432407554,MG
RCOR1,0.430701007,MG
DNAH17,0.430186579,MG
DYSF,0.429333339,MG
XXcos-LUCA16.1,0.427953733,MG
CLCN5,0.42779505,MG
MEI1,0.426775523,MG
C12orf79,0.424084779,MG
COX5B,0.422928964,MG
RP11-228B15.4,0.421597531,MG
NCAM2,0.420134382,MG
CYB5B,0.419655124,MG
MXD4,0.418921856,MG
GDPD1,0.4188848,MG
ACAP2,0.414736142,MG
NFASC,0.412876601,MG
TCF12,0.412667862,MG
FBXL18,0.410201673,MG
RP11-148G20.1,0.410064187,MG
FAM135B,0.409836101,MG
MAN1A1,0.404077685,MG
RCL1,0.401858467,MG
WDFY4,0.401198437,MG
RP11-664H17.1,0.400468704,MG
CTD-2540C19.1,0.400043921,MG
PPP1R13L,0.399190369,MG
ELL2,0.398439806,MG
MMP19,0.396432038,MG
MT-ND2,0.39284568,MG
CIITA,0.39224638,MG
KIAA0040,0.390621716,MG
HEATR1,0.390609033,MG
PP2D1,0.387833196,MG
PLAA,0.386339413,MG
PIM1,0.386069901,MG
BIN3,0.383813352,MG
BBX,0.381828644,MG
ARHGEF6,0.381767947,MG
EIF4G3,0.381266988,MG
OTOGL,0.380229271,MG
BAG5,0.379477697,MG
HLA-DRB5,0.37867175,MG
SYT1,0.378422041,MG
HIST1H2BG,0.375236834,MG
ITM2C,0.371761573,MG
RP11-6J21.2,0.369620538,MG
WAPL,0.368224716,MG
RP11-437L7.2,0.366770002,MG
RP11-1134I14.2,0.366300718,MG
CYSLTR1,0.366138674,MG
DYNC1LI1,0.365700232,MG
FERMT1,0.361832075,MG
SPTLC2,0.361470856,MG
GMFG,0.354795851,MG
ADAMTSL2,0.352975114,MG
NHS,0.351849784,MG
JAG1,0.349897364,MG
TKT,0.349699967,MG
RP11-322M19.2,0.349125485,MG
ATP8B4,0.347788936,MG
MN1,0.347317289,MG
RIC3,0.34692082,MG
CREG2,0.3447248,MG
AMPD3,0.34427559,MG
SMOC1,0.343328258,MG
SCARA3,0.343084711,MG
PHF3,0.341424075,MG
RP11-493K19.3,0.341150356,MG
LAPTM4A,0.340063647,MG
UBTF,0.337128741,MG
EXTL2,0.336873214,MG
IFI44L,0.335200125,MG
MT-CO1,0.335148003,MG
ZNF638,0.334531655,MG
STARD5,0.332604285,MG
C6orf106,0.332150101,MG
GLT1D1,0.33199228,MG
FXYD6,0.331333649,MG
CREM,0.330730128,MG
SYCP2L,0.330532655,MG
HEXIM1,0.330163416,MG
ARID2,0.328955568,MG
ASCC3,0.326296673,MG
XIST,0.325675807,MG
TNRC6C,0.320965053,MG
FKBP8,0.32056767,MG
ZNF467,0.320227641,MG
SPP1,0.31784351,MG
IMMT,0.316065396,MG
DST,0.312398885,MG
TDRD12,0.312254598,MG
SASH3,0.309625875,MG
PSMA1,0.309522765,MG
TPD52,0.309391477,MG
PITPNA,0.307129513,MG
TIMD4,0.305602734,MG
ELAVL4,0.305187184,MG
CMTM6,0.303515352,MG
EDDM13,0.301972106,MG
FAM78B,0.301229062,MG
PPP2R2B,0.299906602,MG
SMURF2,0.298382411,MG
ATP6V1B2,0.298141272,MG
DMXL2,0.296497666,MG
MAPRE2,0.294649195,MG
AC023469.1,0.293989642,MG
B4GALT2,0.293106161,MG
C14orf166,0.292739158,MG
EXOSC10,0.292341063,MG
MICAL3,0.292215187,MG
ALDH3A2,0.292097561,MG
CCNE2,0.29168663,MG
LLGL1,0.291668106,MG
SLC11A1,0.291462384,MG
RP11-489O18.1,0.29086281,MG
DOCK5,0.290282234,MG
PRKCB,0.289373396,MG
FIS1,0.288387165,MG
GULP1,0.287409226,MG
CTD-2245F17.3,0.28645715,MG
TP53BP1,0.286259986,MG
PDCD1LG2,0.28315089,MG
LRMP,0.282937278,MG
ZNF506,0.280869225,MG
IFNGR1,0.27783022,MG
MB21D2,0.277813066,MG
RP11-15H20.5,0.277015436,MG
LINC00340,0.276292983,MG
RAB32,0.276068549,MG
DTNA,0.275708569,MG
FRRS1,0.273432352,MG
PTGS1,0.270847603,MG
MGAT5,0.270432103,MG
PEX5L,0.267961895,MG
CLIP2,0.267050266,MG
ENTPD1,0.266552275,MG
FBXL4,0.265855312,MG
POU2F2,0.26552112,MG
PDK4,0.263128492,MG
NR4A2,0.262552301,MG
RP11-467L13.7,0.262266386,MG
MS4A6A,0.261954927,MG
KIF11,0.261880667,MG
BACH1,0.261543443,MG
ARPP21,0.260531503,MG
RNF138,0.26043718,MG
RPL31,0.260266352,MG
HSPH1,0.25973421,MG
L3MBTL4,0.256604751,MG
CYP2J2,0.254327981,MG
MAN2A1,0.253746852,MG
SEPN1,0.253710599,MG
AC010746.2,0.252886273,MG
GRID2,0.252333826,MG
PRKACA,0.251453906,MG
SCYL2,0.248399789,MG
GLIPR2,0.248361891,MG
RP11-321N4.5,0.247173623,MG
BHLHE41,0.246843687,MG
TM9SF3,0.244487297,MG
H3F3B,0.243847248,MG
FRMD4B,0.240696729,MG
PAPOLG,0.239423479,MG
HIF1A,0.23872531,MG
TLR2,0.237989307,MG
LAPTM5,0.23764215,MG
ZBTB8OS,0.23746609,MG
STX16,0.235282457,MG
KITLG,0.234302278,MG
HDAC8,0.231386494,MG
FRMD6,0.230912941,MG
HPS3,0.22974864,MG
MYO1F,0.228874652,MG
CTB-12O2.1,0.227524228,MG
PICALM,0.225682161,MG
RIF1,0.224712314,MG
CNTNAP5,0.224664996,MG
RP11-707A18.1,0.223471704,MG
TTC19,0.223458863,MG
FGD4,0.222925322,MG
YWHAB,0.220714528,MG
ACTR1A,0.219609006,MG
ZKSCAN5,0.219009912,MG
CASP4,0.218444178,MG
RNF150,0.217341729,MG
UPF3B,0.2151509,MG
MSANTD2,0.214803057,MG
DHX40,0.214422572,MG
TBC1D1,0.21421265,MG
C10orf11,0.213897943,MG
PLD4,0.213817478,MG
RP11-177C12.1,0.213742184,MG
FAM149A,0.213671401,MG
ELF4,0.213593267,MG
GNG7,0.213028525,MG
CD300A,0.212384923,MG
CARD11,0.21221836,MG
ZNF83,0.212201902,MG
FUCA1,0.212160985,MG
ZNF146,0.210914307,MG
SORT1,0.210865736,MG
BTN3A2,0.21022063,MG
PLEKHB2,0.210207567,MG
RPL8,0.209000012,MG
DPYD,0.208704696,MG
RNF6,0.208645913,MG
LCORL,0.207994003,MG
DFFA,0.207455547,MG
ARHGAP25,0.206526431,MG
NRP1,0.206142424,MG
SMAD5,0.204158431,MG
FTL,0.202333564,MG
NUDT6,0.201114686,MG
SNHG7,0.200722423,MG
MDM2,0.200546949,MG
NLK,0.200107417,MG
PCED1B,0.199266761,MG
VIT,0.198834608,MG
MPDU1,0.197059597,MG
RABGGTB,0.196503692,MG
TEX9,0.194828985,MG
KB-1507C5.4,0.193056384,MG
LTBR,0.192991841,MG
AC006032.1,0.192784101,MG
HPGDS,0.191525345,MG
NOXA1,0.190774682,MG
PER1,0.190311717,MG
HP1BP3,0.18995701,MG
TGFBR1,0.189728375,MG
HDAC4,0.189119773,MG
RP11-109A6.5,0.188231179,MG
ZBED4,0.185786562,MG
MARCKS,0.183543433,MG
POGZ,0.182999714,MG
MECP2,0.18265177,MG
TDRD9,0.180072174,MG
RP11-517O13.3,0.179539577,MG
PPIG,0.178745058,MG
CTTNBP2,0.178181344,MG
ASAP1-IT2,0.177225691,MG
FKBP15,0.177200946,MG
TMSB10,0.175275512,MG
ABHD12B,0.175269983,MG
NCOA7,0.171937873,MG
ABTB2,0.171642107,MG
DBN1,0.171535651,MG
RP11-557H15.4,0.171065059,MG
TMEM39B,0.170522082,MG
KRAS,0.169916931,MG
TMEM182,0.167429401,MG
RP11-426L16.8,0.165721865,MG
AAED1,0.165343336,MG
ACTR2,0.164889517,MG
DISC1,0.163829038,MG
KCNQ3,0.162369893,MG
ZNF536,0.162335212,MG
AP000476.1,0.162166137,MG
ANKRD36C,0.16193983,MG
TRAF3,0.161356944,MG
PTP4A1,0.161076068,MG
UBE2D3,0.16105361,MG
RBMX,0.160578208,MG
KIF16B,0.159866241,MG
NOA1,0.156996416,MG
RNMTL1,0.156845337,MG
ACBD3,0.156309149,MG
ZFP36L1,0.156044786,MG
ST6GALNAC4,0.153628316,MG
TNFAIP8L3,0.15343089,MG
JDP2,0.152790637,MG
CALCR,0.150222035,MG
AL449209.1,-0.151007982,MG
PMP2,-0.151435411,MG
FAM160B2,-0.152472873,MG
KCNQ1OT1,-0.152485479,MG
ZBTB41,-0.152667657,MG
SERTAD2,-0.152760665,MG
ENG,-0.153133475,MG
F13A1,-0.153733109,MG
PKIB,-0.15433099,MG
ANOS1,-0.154887407,MG
MZT1,-0.154988964,MG
CHN2,-0.155072048,MG
HCK,-0.155298295,MG
NR4A1,-0.156168962,MG
EZR,-0.158327636,MG
JUN,-0.158344721,MG
GTF2B,-0.158725254,MG
SLC11A2,-0.158765663,MG
BID,-0.160397418,MG
SPATA5,-0.161130944,MG
NRDC,-0.16209647,MG
TANC2,-0.162174774,MG
CREBZF,-0.162774754,MG
STYXL1,-0.162844099,MG
N4BP2,-0.167193304,MG
STRBP,-0.167641298,MG
RUNX1,-0.167651128,MG
3-Mar,-0.167929606,MG
BCL2L12,-0.168325625,MG
IRAK3,-0.17003727,MG
AC018633.4,-0.170394595,MG
NORAD,-0.172616964,MG
TMEM163,-0.175410752,MG
XPO1,-0.177839081,MG
CYBB,-0.177940887,MG
TIMP2,-0.178643479,MG
SHTN1,-0.179621347,MG
LRP1,-0.180000667,MG
RP11-139E24.1,-0.182179851,MG
RASAL2,-0.183993339,MG
MIR99AHG,-0.184783067,MG
USP16,-0.187686388,MG
LGMN,-0.188198204,MG
PAG1,-0.189235217,MG
VAV1,-0.190637407,MG
BANK1,-0.191130092,MG
GAS6,-0.191295261,MG
RPS28,-0.194047643,MG
CAST,-0.194167877,MG
SH3RF3,-0.194451124,MG
ZCCHC6,-0.196080093,MG
MCC,-0.196794689,MG
LRSAM1,-0.197822257,MG
CD163,-0.198152758,MG
SPRED2,-0.198688204,MG
FAM13A,-0.198928188,MG
CTD-2353F22.1,-0.199082783,MG
MPZL1,-0.199805136,MG
ATM,-0.200035815,MG
NTM,-0.200600783,MG
IVD,-0.200812574,MG
PIAS2,-0.201215854,MG
ZBTB43,-0.202941865,MG
LPL,-0.202965819,MG
ACSM5,-0.203524707,MG
KCNK6,-0.204110839,MG
CTC-559E9.1,-0.20469224,MG
RNASET2,-0.205760463,MG
SPOP,-0.209190834,MG
TBC1D4,-0.209310046,MG
OPHN1,-0.209513119,MG
RP11-493L12.3,-0.209538798,MG
NF1,-0.212298158,MG
SCN8A,-0.21640884,MG
GPCPD1,-0.216639823,MG
UBASH3B,-0.216663561,MG
PPCS,-0.218813391,MG
FNIP2,-0.21881802,MG
AK2,-0.219326841,MG
C9orf3,-0.221718608,MG
GOLGA1,-0.222451065,MG
ZRSR2,-0.222617626,MG
PLXNA2,-0.222832807,MG
TMEM156,-0.223270524,MG
ITGAM,-0.224080747,MG
SLC9A9,-0.224198523,MG
PIK3R5,-0.224321547,MG
TNFAIP8,-0.224359807,MG
RP11-40A8.3,-0.225389146,MG
RP11-473M20.7,-0.225937674,MG
RPS6KA3,-0.226295931,MG
ERCC6,-0.226396083,MG
ARHGEF4,-0.226673912,MG
NDUFA8,-0.226816947,MG
SHROOM3,-0.227478222,MG
ZMYND8,-0.229699132,MG
PLXND1,-0.229951677,MG
CD40,-0.235502311,MG
NINJ1,-0.236111976,MG
PHACTR1,-0.23640856,MG
CDYL,-0.237329383,MG
SUPT6H,-0.237651889,MG
AQP4,-0.238229677,MG
ALPK3,-0.239149671,MG
ANKRD40,-0.241093287,MG
RP11-467H10.2,-0.242813054,MG
OLMALINC,-0.243220779,MG
IRS2,-0.245362566,MG
CPEB3,-0.246488204,MG
AANAT,-0.247649564,MG
QKI,-0.248159844,MG
C1QA,-0.248796505,MG
HSP90AA1,-0.251449114,MG
SGO2,-0.252601568,MG
TTC17,-0.257215916,MG
CCDC26,-0.257862516,MG
RP11-166O4.5,-0.258040724,MG
SPATS2,-0.260526513,MG
WASF2,-0.261338406,MG
BTN3A1,-0.261835987,MG
MED13L,-0.262374473,MG
RP11-233H19.2,-0.262776492,MG
ADAMTS17,-0.267134252,MG
HNRNPA2B1,-0.267185118,MG
LCP2,-0.270510413,MG
NDFIP2,-0.270878146,MG
NUAK1,-0.270967759,MG
ZNF808,-0.273107058,MG
CRTC1,-0.274140252,MG
RP11-624L4.1,-0.274896617,MG
MAML2,-0.275448146,MG
TBRG1,-0.277734858,MG
RP11-707P17.1,-0.279395938,MG
VPS13A,-0.281041641,MG
PLCL1,-0.281185333,MG
BACH2,-0.283354098,MG
RNU2-63P,-0.283649073,MG
PDE4A,-0.285108837,MG
ANKRD36B,-0.285297671,MG
ARMC2,-0.285595959,MG
ERBB4,-0.286312905,MG
SARAF,-0.291051021,MG
YLPM1,-0.292492061,MG
B4GALT1,-0.292563201,MG
ADAP2,-0.293256853,MG
LIMCH1,-0.293518984,MG
INSR,-0.294098128,MG
PLAUR,-0.296697125,MG
C9orf84,-0.29688342,MG
EGLN1,-0.297721495,MG
VWC2,-0.298715455,MG
P3H2,-0.29956894,MG
DOCK11,-0.299612491,MG
DENND5A,-0.301310723,MG
AC090044.1,-0.302099694,MG
CNPY3,-0.303122335,MG
RASGRP2,-0.303343547,MG
PTPN14,-0.307361225,MG
LRRCC1,-0.309872352,MG
NLRP3,-0.311161577,MG
FAM98B,-0.316262735,MG
FAM19A1,-0.316665085,MG
WSB1,-0.317819006,MG
ACPP,-0.323508085,MG
CD14,-0.327876978,MG
FAM122A,-0.328476742,MG
CD37,-0.32847917,MG
FAM168A,-0.329839544,MG
PARVB,-0.330268983,MG
CPVL,-0.337397312,MG
RBM47,-0.339257446,MG
UNC13B,-0.339375712,MG
CCDC40,-0.339615196,MG
MGAT1,-0.344341407,MG
SDK1,-0.345059521,MG
RP11-153M7.3,-0.345324397,MG
ITSN1,-0.346224599,MG
LRRC16A,-0.349192503,MG
RPA2,-0.349519736,MG
PARP14,-0.351921578,MG
PDGFB,-0.354694606,MG
KLF7,-0.35542442,MG
RP11-399K21.12,-0.356066044,MG
CHGB,-0.356416808,MG
KIAA0226L,-0.357234349,MG
SRGAP2B,-0.358778995,MG
THAP2,-0.359987427,MG
DNAJC6,-0.364766898,MG
ANKS1A,-0.365234075,MG
RNF144B,-0.36858822,MG
IDI1,-0.371136246,MG
DNAJC9,-0.371631156,MG
GAS7,-0.372292506,MG
RAB31,-0.373179924,MG
MIS18BP1,-0.37380831,MG
ZNF846,-0.374108928,MG
IGSF21,-0.376773405,MG
NECTIN2,-0.377776034,MG
RAC1,-0.378541926,MG
BCL2L13,-0.381951163,MG
MLC1,-0.382231915,MG
IL1B,-0.382534427,MG
GTF2IRD1,-0.38292104,MG
RILPL2,-0.388007179,MG
GAL3ST4,-0.388969878,MG
WDR11,-0.389780802,MG
PRKCA,-0.391683063,MG
BNC2,-0.391755402,MG
CHUK,-0.393906037,MG
ATE1,-0.395095778,MG
C5AR1,-0.395125938,MG
IKZF2,-0.401054715,MG
SPARC,-0.401249136,MG
SAMD9,-0.403613326,MG
EEF2,-0.404323116,MG
RP1-228H13.6,-0.404529299,MG
HRH2,-0.405481523,MG
ACSF2,-0.410236773,MG
MBP,-0.411647331,MG
ETV6,-0.413335125,MG
ANKRD42,-0.413455644,MG
RP11-666E17.1,-0.413639345,MG
CCDC85B,-0.416019353,MG
COPS2,-0.417822325,MG
UPF2,-0.41948162,MG
PIK3AP1,-0.420227384,MG
PROCR,-0.421343515,MG
IMPAD1,-0.423490468,MG
PCDH9,-0.42421641,MG
JAK1,-0.426313214,MG
ERMP1,-0.426583968,MG
RP11-379F4.4,-0.42797402,MG
ELMO1,-0.428783555,MG
RCSD1,-0.429879532,MG
AGPAT2,-0.430474214,MG
AKAP13,-0.431686714,MG
ANAPC16,-0.432684033,MG
ITGA9,-0.434643929,MG
BEX1,-0.438481779,MG
RIN3,-0.439478086,MG
TSC22D2,-0.439951681,MG
STK17B,-0.441345814,MG
RP11-480C22.1,-0.443433028,MG
C5orf17,-0.455562539,MG
TPST2,-0.457906319,MG
VSIR,-0.458237908,MG
BORCS7,-0.459563504,MG
NAV2,-0.45999402,MG
TAF1A,-0.462241068,MG
RP11-760H22.2,-0.464216459,MG
SLC7A8,-0.465088028,MG
HS3ST5,-0.466299394,MG
USP24,-0.466534008,MG
MCM6,-0.467125917,MG
SRP72,-0.472024992,MG
ITGA3,-0.472692566,MG
BTBD9,-0.475340103,MG
CEP85L,-0.477715147,MG
KDM5D,-0.480292399,MG
MAP2K4,-0.482222604,MG
FAT2,-0.482731433,MG
EPSTI1,-0.483648566,MG
GPC5,-0.483658655,MG
C11orf80,-0.484580816,MG
SEMA4D,-0.485273903,MG
EP300,-0.48937711,MG
SCRG1,-0.492350917,MG
SLC15A2,-0.492361107,MG
UBAP1,-0.492401386,MG
RP11-766N7.3,-0.494373839,MG
NKAIN2,-0.494412932,MG
PLXDC2,-0.495451785,MG
ZNF124,-0.498443099,MG
PPM1E,-0.50289085,MG
WNT5B,-0.504639613,MG
RAB5A,-0.512341464,MG
MSANTD4,-0.514483865,MG
ST6GALNAC3,-0.516353935,MG
MNDA,-0.517480174,MG
MZT2B,-0.519576777,MG
TRMT10C,-0.519676292,MG
FBN2,-0.519838679,MG
TUBGCP2,-0.525048372,MG
RP5-940J5.10,-0.525243833,MG
RPN1,-0.531779439,MG
DHRS9,-0.538502211,MG
TMEM35,-0.539062065,MG
ZMIZ1,-0.539161314,MG
SMYD3,-0.540784778,MG
ZNF81,-0.544672366,MG
COX10-AS1,-0.5458036,MG
DTNB,-0.546055947,MG
AFF3,-0.54860724,MG
NCOA3,-0.552319182,MG
TNIP2,-0.554757898,MG
PCNX3,-0.557102127,MG
PDE1B,-0.560721519,MG
ISPD,-0.567089586,MG
DYNLT1,-0.567581209,MG
TMC8,-0.569733882,MG
FRG1HP,-0.57001077,MG
TMOD2,-0.571906532,MG
CYTH4,-0.574090262,MG
TNFRSF10A,-0.579388998,MG
NOP58,-0.581419605,MG
TEFM,-0.589107159,MG
MYOF,-0.591833747,MG
RRAGB,-0.595132274,MG
ARSG,-0.599874229,MG
DARS,-0.600273343,MG
FAM169A,-0.603918785,MG
TMEM59L,-0.609556601,MG
HERC2P3,-0.612625871,MG
RP5-964N17.1,-0.613723322,MG
LEPR,-0.614654425,MG
HCLS1,-0.616901435,MG
DLEU7,-0.624464753,MG
GFOD2,-0.630304725,MG
THOC2,-0.630646566,MG
NAPA,-0.631186481,MG
USP4,-0.634648842,MG
MALAT1,-0.636418833,MG
PIH1D1,-0.640485156,MG
ADAT1,-0.661137715,MG
CIC,-0.66563698,MG
PTPRJ,-0.667167511,MG
ATXN1,-0.66728658,MG
CLEC9A,-0.670265238,MG
RP11-472I20.4,-0.677671795,MG
FAM118A,-0.678437546,MG
MYL12A,-0.678648645,MG
MERTK,-0.685593914,MG
CTSB,-0.694144579,MG
PPP1R9A,-0.696305658,MG
RP11-557H15.3,-0.712984011,MG
LYVE1,-0.722031338,MG
P3H4,-0.724698951,MG
TIAM1,-0.726379325,MG
DUSP6,-0.733408139,MG
PFKP,-0.742663402,MG
POMT2,-0.7434817,MG
KCTD16,-0.754531452,MG
RP11-691H4.1,-0.763415735,MG
TM2D1,-0.780202226,MG
FGD2,-0.781294386,MG
CA8,-0.781873727,MG
AC074391.1,-0.783109816,MG
ARHGAP21,-0.795918424,MG
DLG2,-0.797947238,MG
OTUD5,-0.799578489,MG
SCARNA9,-0.807979572,MG
RP11-340I6.8,-0.811264849,MG
SYT6,-0.814890727,MG
EMC7,-0.832423892,MG
NPDC1,-0.854979484,MG
ZNRF1,-0.862879663,MG
C2orf73,-0.863359492,MG
RP11-398J13.1,-0.86936351,MG
MEF2C,-0.873310366,MG
PREX1,-0.891784871,MG
JAZF1,-0.900203202,MG
CEP68,-0.902631625,MG
RP11-50D16.4,-0.903761608,MG
TEK,-0.912237761,MG
RLIM,-0.913312008,MG
RAPGEF1,-0.914914846,MG
GRPEL2,-0.916061114,MG
ST6GAL1,-0.922287179,MG
OMA1,-0.925241845,MG
NKD1,-0.926073764,MG
TBC1D14,-0.932812138,MG
RP11-373N22.3,-0.935496597,MG
PPP1R8,-0.93610761,MG
CCDC144C,-0.939582186,MG
WDR45B,-0.945703699,MG
AP1G2,-0.952263984,MG
AF064858.6,-0.965432164,MG
MCM5,-0.96806587,MG
DENND6B,-0.977515652,MG
ANGPT2,-0.981638726,MG
IFT46,-0.983123688,MG
SLC19A2,-0.985216169,MG
BISPR,-1.004405109,MG
RP11-231E4.4,-1.007450405,MG
PDE3A,-1.016327371,MG
FBXO38,-1.036990814,MG
CHST11,-1.043624273,MG
RN7SL76P,-1.055746342,MG
TSPYL1,-1.057420643,MG
NOXRED1,-1.061352593,MG
SRSF9,-1.062730483,MG
ANK1,-1.072874082,MG
C3orf38,-1.078184014,MG
RP11-500G22.2,-1.083758639,MG
AC008697.1,-1.085751804,MG
PLEKHH1,-1.104140745,MG
WRN,-1.105200704,MG
AC007563.5,-1.110084846,MG
SLC8A1,-1.122277434,MG
POLR1E,-1.122432142,MG
ETV3,-1.155312853,MG
DNM3OS,-1.168139228,MG
CALCOCO1,-1.182462632,MG
MS4A14,-1.198905586,MG
FHL3,-1.228625068,MG
SNN,-1.23852018,MG
RP11-30B1.1,-1.253006666,MG
RP11-1046B16.3,-1.262202481,MG
PHC2,-1.284682253,MG
RP11-6C14.1,-1.289541645,MG
CTD-2233K9.1,-1.297013598,MG
SH3D21,-1.307152302,MG
RP4-569M23.4,-1.309800672,MG
CALHM2,-1.332993042,MG
FAM200B,-1.338142323,MG
SLC6A11,-1.344555902,MG
RNF128,-1.425244295,MG
ZXDA,-1.429697378,MG
RP3-323N1.2,-1.439189062,MG
FBXO44,-1.457928388,MG
FUT4,-1.4735181,MG
LRP5,-1.549774412,MG
KCNE3,-1.564320961,MG
STRAP,-1.577551861,MG
SLC35B2,-1.583878557,MG
CDKN2C,-1.605085869,MG
WDR19,-1.636421757,MG
FAT4,-1.649904451,MG
AC073254.1,-1.689937839,MG
RP11-268G12.3,-1.762411515,MG
NCF2,-1.868555097,MG
RP11-118B18.1,-2.019318475,MG
PRKAR2B,-2.202647412,MG
ADAMTS2,-2.970039062,MG
GPR35,-2.996883862,MG
